회차,추첨일,당첨번호 1,2,3,4,5,6
4/17/2026,2026-04-17,8,12,24,30,32,41
4/15/2026,2026-04-15,21,26,27,37,39,43
4/13/2026,2026-04-13,2,17,19,26,39,44
4/10/2026,2026-04-10,5,7,9,16,19,44
4/8/2026,2026-04-08,5,15,22,25,28,37
4/6/2026,2026-04-06,10,13,19,33,37,44
4/1/2026,2026-04-01,3,11,16,17,20,37
3/30/2026,2026-03-30,3,7,13,24,27,43
3/27/2026,2026-03-27,2,19,27,31,36,38
3/25/2026,2026-03-25,5,10,15,17,24,29
3/23/2026,2026-03-23,4,8,24,27,28,43
3/20/2026,2026-03-20,3,4,19,25,28,31
3/18/2026,2026-03-18,1,10,12,34,41,45
3/16/2026,2026-03-16,6,8,14,24,34,45
3/13/2026,2026-03-13,5,14,32,37,41,42
3/11/2026,2026-03-11,10,19,20,23,31,36
3/9/2026,2026-03-09,3,4,21,23,24,38
3/6/2026,2026-03-06,2,4,27,31,33,37
3/4/2026,2026-03-04,6,8,18,28,35,42
3/2/2026,2026-03-02,12,25,27,33,40,45
2/27/2026,2026-02-27,15,26,29,30,39,43
2/25/2026,2026-02-25,2,3,15,22,25,40
2/23/2026,2026-02-23,4,17,22,30,39,40
2/20/2026,2026-02-20,2,14,17,20,28,31
2/18/2026,2026-02-18,4,5,23,35,38,45
2/16/2026,2026-02-16,3,6,10,17,21,34
2/13/2026,2026-02-13,3,6,8,32,43,45
2/11/2026,2026-02-11,12,15,17,32,40,45
2/9/2026,2026-02-09,4,13,14,18,20,30
2/6/2026,2026-02-06,2,22,35,38,39,44
2/4/2026,2026-02-04,3,11,12,22,31,43
2/2/2026,2026-02-02,1,6,10,21,25,28
1/30/2026,2026-01-30,3,4,8,33,40,42
1/28/2026,2026-01-28,3,4,8,9,27,35
1/26/2026,2026-01-26,4,22,24,25,33,42
1/23/2026,2026-01-23,1,4,16,27,31,43
1/21/2026,2026-01-21,2,12,13,15,23,28
1/19/2026,2026-01-19,3,10,15,17,41,43
1/16/2026,2026-01-16,6,10,31,37,40,42
1/14/2026,2026-01-14,3,4,5,10,16,43
1/12/2026,2026-01-12,2,5,6,9,11,21
1/9/2026,2026-01-09,13,16,18,25,35,43
1/7/2026,2026-01-07,3,6,7,9,21,24
1/5/2026,2026-01-05,2,3,9,21,27,45
1/2/2026,2026-01-02,10,11,18,19,21,44
12/31/2025,2025-12-31,8,11,17,20,22,26
12/29/2025,2025-12-29,5,8,19,34,35,38
12/26/2025,2025-12-26,6,18,20,24,32,36
12/24/2025,2025-12-24,3,12,18,24,27,42
12/22/2025,2025-12-22,4,14,15,16,36,41
12/19/2025,2025-12-19,7,33,35,41,43,44
12/17/2025,2025-12-17,4,7,14,27,35,36
12/15/2025,2025-12-15,1,10,15,21,23,30
12/12/2025,2025-12-12,6,10,20,24,25,27
12/10/2025,2025-12-10,15,25,28,30,40,42
12/8/2025,2025-12-08,4,8,10,19,30,38
12/5/2025,2025-12-05,3,4,13,21,42,45
12/3/2025,2025-12-03,1,5,19,29,31,45
12/1/2025,2025-12-01,1,7,12,22,28,37
11/28/2025,2025-11-28,1,5,18,19,31,37
11/26/2025,2025-11-26,22,25,29,34,37,41
11/24/2025,2025-11-24,14,17,20,25,28,41
11/21/2025,2025-11-21,2,4,19,24,39,41
11/19/2025,2025-11-19,5,13,24,27,29,33
11/17/2025,2025-11-17,4,16,24,28,31,41
11/14/2025,2025-11-14,4,14,16,22,23,36
11/12/2025,2025-11-12,14,25,26,31,36,45
11/10/2025,2025-11-10,6,17,23,27,31,38
11/7/2025,2025-11-07,8,24,28,34,36,42
11/5/2025,2025-11-05,9,25,28,32,34,45
11/3/2025,2025-11-03,1,21,32,41,43,45
10/31/2025,2025-10-31,8,15,27,33,42,45
10/29/2025,2025-10-29,9,24,29,36,38,43
10/27/2025,2025-10-27,3,4,9,17,21,40
10/24/2025,2025-10-24,1,8,25,32,34,41
10/22/2025,2025-10-22,4,5,8,10,25,42
10/20/2025,2025-10-20,6,20,24,29,40,41
10/17/2025,2025-10-17,1,6,18,23,25,43
10/15/2025,2025-10-15,1,8,11,34,38,39
10/13/2025,2025-10-13,16,18,19,35,38,41
10/10/2025,2025-10-10,1,13,14,17,33,42
10/8/2025,2025-10-08,1,17,22,25,28,42
10/6/2025,2025-10-06,17,18,26,38,40,45
10/3/2025,2025-10-03,1,6,17,25,34,42
10/1/2025,2025-10-01,1,15,17,29,35,45
9/29/2025,2025-09-29,12,14,20,23,30,40
9/26/2025,2025-09-26,6,10,15,19,24,36
9/24/2025,2025-09-24,10,15,23,29,32,42
9/22/2025,2025-09-22,8,24,26,35,39,45
9/19/2025,2025-09-19,3,26,33,39,40,41
9/17/2025,2025-09-17,6,9,16,17,36,38
9/15/2025,2025-09-15,9,20,21,30,43,44
9/12/2025,2025-09-12,2,10,27,36,37,45
9/10/2025,2025-09-10,3,5,20,31,38,42
9/8/2025,2025-09-08,8,28,31,34,39,44
9/5/2025,2025-09-05,4,18,25,31,34,41
9/3/2025,2025-09-03,9,10,14,33,39,43
9/1/2025,2025-09-01,3,15,27,33,36,38
8/29/2025,2025-08-29,7,12,20,31,33,36
8/27/2025,2025-08-27,25,27,35,37,39,44
8/25/2025,2025-08-25,3,5,16,20,27,40
8/22/2025,2025-08-22,6,17,20,33,40,42
8/20/2025,2025-08-20,2,11,14,30,38,43
8/18/2025,2025-08-18,4,14,16,19,35,42
8/15/2025,2025-08-15,3,7,12,13,17,23
8/13/2025,2025-08-13,2,8,30,34,36,41
8/11/2025,2025-08-11,7,9,10,16,28,40
8/8/2025,2025-08-08,1,2,4,6,28,41
8/6/2025,2025-08-06,2,10,24,35,37,44
8/4/2025,2025-08-04,5,16,24,28,33,34
8/1/2025,2025-08-01,4,10,25,32,33,44
7/30/2025,2025-07-30,5,17,24,25,29,40
7/28/2025,2025-07-28,14,16,19,29,31,35
7/25/2025,2025-07-25,5,14,27,29,36,41
7/23/2025,2025-07-23,4,7,13,23,35,37
7/21/2025,2025-07-21,9,20,39,42,44,45
7/18/2025,2025-07-18,3,5,9,16,17,38
7/16/2025,2025-07-16,6,12,24,30,35,44
7/14/2025,2025-07-14,8,11,28,32,34,35
7/11/2025,2025-07-11,8,24,25,27,33,35
7/9/2025,2025-07-09,15,22,24,28,37,44
7/7/2025,2025-07-07,1,6,7,12,38,42
7/4/2025,2025-07-04,10,18,24,29,40,41
7/2/2025,2025-07-02,7,15,16,38,42,44
6/30/2025,2025-06-30,7,8,17,19,25,35
6/27/2025,2025-06-27,2,12,24,25,42,43
6/25/2025,2025-06-25,13,24,27,34,36,43
6/23/2025,2025-06-23,12,18,19,23,36,42
6/20/2025,2025-06-20,4,5,6,23,24,44
6/18/2025,2025-06-18,5,8,15,29,31,44
6/16/2025,2025-06-16,8,20,22,29,41,42
6/13/2025,2025-06-13,3,7,12,13,30,35
6/11/2025,2025-06-11,10,14,17,39,41,44
6/9/2025,2025-06-09,2,8,15,18,28,32
6/6/2025,2025-06-06,2,12,14,21,27,36
6/4/2025,2025-06-04,4,10,28,29,30,42
6/2/2025,2025-06-02,10,14,18,27,37,42
5/30/2025,2025-05-30,1,4,17,24,26,30
5/28/2025,2025-05-28,12,14,19,27,29,36
5/26/2025,2025-05-26,1,5,6,17,29,40
5/23/2025,2025-05-23,2,5,21,25,33,40
5/21/2025,2025-05-21,10,18,19,23,25,28
5/19/2025,2025-05-19,6,15,26,37,42,43
5/16/2025,2025-05-16,8,21,33,41,42,43
5/14/2025,2025-05-14,7,12,20,29,34,45
5/12/2025,2025-05-12,21,27,34,37,41,44
5/9/2025,2025-05-09,7,26,30,33,39,45
5/7/2025,2025-05-07,3,4,7,26,39,41
5/5/2025,2025-05-05,2,3,7,11,32,36
5/2/2025,2025-05-02,12,21,25,35,36,37
4/30/2025,2025-04-30,9,18,31,36,37,40
4/28/2025,2025-04-28,8,23,30,39,43,44
4/25/2025,2025-04-25,2,11,15,24,38,40
4/23/2025,2025-04-23,14,16,21,25,30,33
4/21/2025,2025-04-21,11,15,28,33,42,44
4/16/2025,2025-04-16,1,5,28,29,42,44
4/14/2025,2025-04-14,4,10,14,16,24,43
4/11/2025,2025-04-11,5,7,22,24,25,28
4/9/2025,2025-04-09,4,15,18,27,43,45
4/7/2025,2025-04-07,5,6,25,26,32,42
4/4/2025,2025-04-04,14,17,28,34,40,42
4/2/2025,2025-04-02,8,29,34,35,39,40
3/31/2025,2025-03-31,11,26,30,31,37,38
3/28/2025,2025-03-28,3,7,28,37,39,42
3/26/2025,2025-03-26,2,3,7,22,33,44
3/24/2025,2025-03-24,1,14,17,18,19,38
3/21/2025,2025-03-21,1,15,20,29,31,45
3/19/2025,2025-03-19,4,23,34,38,39,44
3/17/2025,2025-03-17,28,31,34,40,42,45
3/14/2025,2025-03-14,1,16,22,31,33,34
3/12/2025,2025-03-12,9,17,30,31,33,40
3/10/2025,2025-03-10,4,10,18,22,30,33
3/7/2025,2025-03-07,2,11,15,21,30,41
3/5/2025,2025-03-05,2,3,11,24,36,41
3/3/2025,2025-03-03,4,11,14,17,22,40
2/28/2025,2025-02-28,1,2,4,9,17,39
2/26/2025,2025-02-26,8,9,16,17,25,35
2/24/2025,2025-02-24,6,7,20,21,34,45
2/21/2025,2025-02-21,8,11,14,25,36,43
2/19/2025,2025-02-19,6,10,18,21,24,35
2/17/2025,2025-02-17,4,16,26,27,34,36
2/14/2025,2025-02-14,6,10,11,15,21,32
2/12/2025,2025-02-12,5,12,13,30,35,41
2/10/2025,2025-02-10,10,15,16,24,38,39
2/7/2025,2025-02-07,7,28,29,34,36,43
2/5/2025,2025-02-05,7,8,11,13,20,40
2/3/2025,2025-02-03,4,7,17,19,27,31
1/31/2025,2025-01-31,1,8,9,11,15,33
1/29/2025,2025-01-29,3,24,32,35,39,45
1/27/2025,2025-01-27,27,35,39,43,44,45
1/24/2025,2025-01-24,8,15,21,26,29,35
1/22/2025,2025-01-22,17,27,32,39,42,45
1/20/2025,2025-01-20,3,18,19,33,34,45
1/17/2025,2025-01-17,3,6,7,14,15,32
1/15/2025,2025-01-15,1,2,3,21,24,28
1/13/2025,2025-01-13,4,5,24,36,39,40
1/10/2025,2025-01-10,8,11,12,17,32,33
1/8/2025,2025-01-08,8,16,32,37,44,45
1/6/2025,2025-01-06,5,6,23,34,37,43
1/3/2025,2025-01-03,14,22,25,27,31,34
1/1/2025,2025-01-01,2,6,12,15,29,41
12/30/2024,2024-12-30,6,8,13,14,30,41
12/27/2024,2024-12-27,2,6,7,27,35,40
12/25/2024,2024-12-25,12,24,27,28,33,38
12/23/2024,2024-12-23,1,3,7,25,35,41
12/20/2024,2024-12-20,9,15,18,22,36,37
12/18/2024,2024-12-18,2,3,21,34,41,45
12/16/2024,2024-12-16,3,8,22,26,39,44
12/13/2024,2024-12-13,2,13,17,23,28,30
12/11/2024,2024-12-11,3,27,30,35,43,44
12/9/2024,2024-12-09,11,12,19,29,33,36
12/6/2024,2024-12-06,1,9,13,14,30,40
12/4/2024,2024-12-04,5,9,10,31,35,42
12/2/2024,2024-12-02,17,28,29,34,41,45
11/29/2024,2024-11-29,3,4,10,18,23,37
11/27/2024,2024-11-27,2,4,12,21,33,43
11/25/2024,2024-11-25,4,13,14,23,31,42
11/22/2024,2024-11-22,9,17,31,33,38,44
11/20/2024,2024-11-20,22,32,33,38,42,45
11/18/2024,2024-11-18,5,14,26,27,35,44
11/15/2024,2024-11-15,4,5,14,23,34,45
11/13/2024,2024-11-13,9,14,19,29,33,44
11/11/2024,2024-11-11,8,18,24,25,37,45
11/8/2024,2024-11-08,6,9,26,33,43,45
11/6/2024,2024-11-06,6,27,31,39,40,41
11/4/2024,2024-11-04,13,23,25,31,35,38
11/1/2024,2024-11-01,5,9,23,24,36,42
10/30/2024,2024-10-30,15,24,27,37,42,45
10/28/2024,2024-10-28,5,8,13,18,25,30
10/25/2024,2024-10-25,2,4,14,19,22,32
10/23/2024,2024-10-23,7,22,34,36,38,43
10/21/2024,2024-10-21,6,11,13,31,34,35
10/18/2024,2024-10-18,3,4,7,18,29,40
10/16/2024,2024-10-16,7,9,13,21,22,34
10/14/2024,2024-10-14,3,9,20,23,28,37
10/11/2024,2024-10-11,2,3,9,12,22,38
10/9/2024,2024-10-09,24,31,32,36,37,38
10/7/2024,2024-10-07,3,6,17,28,36,40
10/4/2024,2024-10-04,3,5,17,23,41,44
10/2/2024,2024-10-02,3,12,20,35,36,45
9/30/2024,2024-09-30,7,22,24,35,41,42
9/27/2024,2024-09-27,12,13,21,25,37,39
9/25/2024,2024-09-25,10,25,30,31,39,41
9/23/2024,2024-09-23,3,8,18,25,30,38
9/20/2024,2024-09-20,13,23,27,34,39,42
9/18/2024,2024-09-18,4,25,28,29,36,45
9/16/2024,2024-09-16,1,3,11,25,39,44
9/13/2024,2024-09-13,1,14,15,18,32,44
9/11/2024,2024-09-11,4,9,13,14,23,41
9/9/2024,2024-09-09,7,9,12,25,33,37
9/6/2024,2024-09-06,4,15,25,27,38,44
9/4/2024,2024-09-04,16,20,28,33,42,43
9/2/2024,2024-09-02,16,17,25,30,36,39
8/30/2024,2024-08-30,1,4,23,32,34,40
8/28/2024,2024-08-28,1,8,12,24,38,45
8/26/2024,2024-08-26,2,4,9,11,24,40
8/23/2024,2024-08-23,3,10,24,30,37,43
8/21/2024,2024-08-21,6,7,21,33,34,39
8/19/2024,2024-08-19,5,18,22,33,34,38
8/16/2024,2024-08-16,5,21,26,29,36,45
8/14/2024,2024-08-14,19,21,24,25,41,42
8/12/2024,2024-08-12,6,9,33,34,37,42
8/9/2024,2024-08-09,2,3,11,14,18,36
8/7/2024,2024-08-07,9,15,17,27,29,44
8/5/2024,2024-08-05,1,3,16,20,23,27
8/2/2024,2024-08-02,3,6,7,34,37,41
7/31/2024,2024-07-31,1,20,22,28,31,44
7/29/2024,2024-07-29,1,4,9,24,30,42
7/26/2024,2024-07-26,6,20,23,32,34,36
7/24/2024,2024-07-24,6,10,12,24,32,33
7/22/2024,2024-07-22,15,19,29,30,34,38
7/19/2024,2024-07-19,1,20,29,30,32,41
7/17/2024,2024-07-17,4,11,12,17,19,32
7/15/2024,2024-07-15,5,14,15,22,37,38
7/12/2024,2024-07-12,1,17,27,28,29,35
7/10/2024,2024-07-10,10,11,12,24,27,42
7/8/2024,2024-07-08,7,11,19,25,36,37
7/5/2024,2024-07-05,8,21,30,31,37,43
7/3/2024,2024-07-03,18,25,35,40,42,45
7/1/2024,2024-07-01,13,19,25,28,34,37
6/28/2024,2024-06-28,13,14,16,18,26,42
6/26/2024,2024-06-26,1,6,13,26,28,30
6/24/2024,2024-06-24,1,2,12,26,34,36
6/21/2024,2024-06-21,1,9,14,20,27,41
6/19/2024,2024-06-19,28,30,32,35,39,43
6/17/2024,2024-06-17,3,17,31,35,42,45
6/14/2024,2024-06-14,5,19,24,38,41,45
6/12/2024,2024-06-12,7,8,25,30,39,40
6/10/2024,2024-06-10,11,16,21,31,35,44
6/7/2024,2024-06-07,7,11,23,35,38,45
6/5/2024,2024-06-05,2,16,23,31,40,45
6/3/2024,2024-06-03,1,4,25,27,33,43
5/31/2024,2024-05-31,10,18,20,21,29,43
5/29/2024,2024-05-29,9,14,17,32,41,43
5/27/2024,2024-05-27,18,23,28,35,40,42
5/24/2024,2024-05-24,2,6,13,30,35,39
5/22/2024,2024-05-22,4,11,13,21,22,30
5/20/2024,2024-05-20,4,22,25,30,40,45
5/17/2024,2024-05-17,1,13,15,24,27,44
5/15/2024,2024-05-15,5,9,17,21,32,42
5/13/2024,2024-05-13,21,34,35,38,41,44
5/10/2024,2024-05-10,3,19,30,32,37,42
5/8/2024,2024-05-08,4,14,20,28,39,41
5/6/2024,2024-05-06,2,6,9,18,30,31
5/3/2024,2024-05-03,3,5,12,19,36,41
5/1/2024,2024-05-01,23,27,28,29,38,42
4/29/2024,2024-04-29,2,13,20,27,38,41
4/26/2024,2024-04-26,10,11,25,36,40,42
4/24/2024,2024-04-24,9,17,26,32,35,43
4/22/2024,2024-04-22,9,17,20,33,40,42
4/19/2024,2024-04-19,3,6,15,16,24,30
4/17/2024,2024-04-17,17,28,29,31,34,39
4/15/2024,2024-04-15,7,17,26,30,35,42
4/12/2024,2024-04-12,4,6,8,10,11,30
4/10/2024,2024-04-10,9,13,18,31,33,44
4/8/2024,2024-04-08,5,6,14,17,20,31
4/5/2024,2024-04-05,3,4,10,11,18,32
4/3/2024,2024-04-03,4,23,24,40,44,45
4/1/2024,2024-04-01,5,9,13,14,17,31
3/27/2024,2024-03-27,5,11,15,18,25,43
3/25/2024,2024-03-25,1,9,11,19,29,39
3/22/2024,2024-03-22,1,18,23,35,40,44
3/20/2024,2024-03-20,7,8,11,16,17,37
3/18/2024,2024-03-18,15,19,20,22,31,45
3/15/2024,2024-03-15,2,3,10,17,42,43
3/13/2024,2024-03-13,8,15,29,30,34,44
3/11/2024,2024-03-11,3,6,7,15,23,42
3/8/2024,2024-03-08,4,9,14,27,30,32
3/6/2024,2024-03-06,6,11,15,33,35,37
3/4/2024,2024-03-04,23,24,28,35,40,44
3/1/2024,2024-03-01,8,12,15,17,24,31
2/28/2024,2024-02-28,18,33,35,40,41,43
2/26/2024,2024-02-26,3,7,9,20,26,29
2/23/2024,2024-02-23,4,26,27,29,33,45
2/21/2024,2024-02-21,4,5,6,12,22,28
2/19/2024,2024-02-19,4,5,11,18,19,36
2/16/2024,2024-02-16,3,11,14,31,41,42
2/14/2024,2024-02-14,1,7,29,30,37,39
2/12/2024,2024-02-12,2,10,24,27,35,36
2/9/2024,2024-02-09,4,12,19,21,26,37
2/7/2024,2024-02-07,2,6,13,19,26,40
2/5/2024,2024-02-05,2,10,15,29,35,39
2/2/2024,2024-02-02,2,11,20,30,43,44
1/31/2024,2024-01-31,3,4,7,13,24,28
1/29/2024,2024-01-29,11,21,23,33,38,45
1/26/2024,2024-01-26,1,2,9,31,36,42
1/24/2024,2024-01-24,1,5,8,12,19,28
1/22/2024,2024-01-22,10,14,18,22,26,33
1/19/2024,2024-01-19,1,14,19,24,35,43
1/17/2024,2024-01-17,1,5,20,23,28,33
1/15/2024,2024-01-15,4,7,22,23,27,40
1/12/2024,2024-01-12,2,6,11,32,34,40
1/10/2024,2024-01-10,2,12,25,27,33,36
1/8/2024,2024-01-08,7,9,11,18,28,29
1/5/2024,2024-01-05,13,18,29,33,37,41
1/3/2024,2024-01-03,14,16,17,22,29,37
12/29/2023,2023-12-29,4,6,12,16,17,28
12/27/2023,2023-12-27,13,17,18,25,37,39
12/22/2023,2023-12-22,1,5,6,13,33,41
12/20/2023,2023-12-20,6,9,20,27,32,43
12/18/2023,2023-12-18,1,6,9,20,29,33
12/15/2023,2023-12-15,1,13,14,32,34,35
12/13/2023,2023-12-13,1,17,18,19,40,41
12/11/2023,2023-12-11,4,19,25,32,37,38
12/8/2023,2023-12-08,1,3,19,22,30,44
12/6/2023,2023-12-06,10,12,15,23,40,42
12/4/2023,2023-12-04,6,7,23,27,28,40
12/1/2023,2023-12-01,23,24,25,38,39,44
11/29/2023,2023-11-29,5,11,18,20,33,37
11/27/2023,2023-11-27,6,22,23,25,29,36
11/24/2023,2023-11-24,1,20,23,31,36,43
11/22/2023,2023-11-22,15,20,33,39,42,43
11/20/2023,2023-11-20,6,8,27,31,32,44
11/17/2023,2023-11-17,14,18,19,23,26,42
11/15/2023,2023-11-15,5,15,32,34,36,45
11/13/2023,2023-11-13,10,14,15,20,24,35
11/10/2023,2023-11-10,6,8,13,34,37,41
11/8/2023,2023-11-08,2,5,16,21,41,42
11/6/2023,2023-11-06,1,10,13,16,25,31
11/3/2023,2023-11-03,1,14,25,32,38,43
11/1/2023,2023-11-01,1,14,15,17,24,38
10/30/2023,2023-10-30,3,30,35,40,41,42
10/27/2023,2023-10-27,3,5,13,19,20,29
10/25/2023,2023-10-25,2,4,20,28,34,42
10/23/2023,2023-10-23,3,8,12,22,27,42
10/20/2023,2023-10-20,5,15,17,30,36,37
10/18/2023,2023-10-18,4,15,26,29,34,36
10/16/2023,2023-10-16,4,8,15,40,44,45
10/13/2023,2023-10-13,11,18,19,32,33,39
10/11/2023,2023-10-11,5,6,12,13,31,41
10/9/2023,2023-10-09,1,7,10,11,34,41
10/6/2023,2023-10-06,9,25,26,34,38,45
10/4/2023,2023-10-04,2,25,30,32,42,43
10/2/2023,2023-10-02,5,8,13,25,29,38
9/29/2023,2023-09-29,6,11,23,27,36,38
9/27/2023,2023-09-27,1,21,32,34,36,42
9/25/2023,2023-09-25,3,7,16,29,31,33
9/22/2023,2023-09-22,3,20,26,29,31,37
9/20/2023,2023-09-20,2,13,18,29,41,44
9/18/2023,2023-09-18,5,16,21,24,26,37
9/15/2023,2023-09-15,11,18,25,31,41,44
9/13/2023,2023-09-13,12,22,24,30,41,43
9/11/2023,2023-09-11,1,5,6,10,20,23
9/8/2023,2023-09-08,4,15,17,33,38,43
9/6/2023,2023-09-06,8,12,23,32,33,42
9/4/2023,2023-09-04,6,21,26,32,37,39
9/1/2023,2023-09-01,12,18,30,35,39,42
8/30/2023,2023-08-30,5,11,19,23,30,37
8/28/2023,2023-08-28,5,9,28,30,31,45
8/25/2023,2023-08-25,3,12,18,19,32,38
8/23/2023,2023-08-23,13,26,39,42,43,45
8/21/2023,2023-08-21,9,13,32,33,35,45
8/18/2023,2023-08-18,10,11,17,36,42,45
8/16/2023,2023-08-16,3,4,5,35,40,44
8/14/2023,2023-08-14,2,20,28,37,39,44
8/11/2023,2023-08-11,1,6,10,13,24,42
8/9/2023,2023-08-09,3,4,12,38,39,44
8/7/2023,2023-08-07,10,16,25,30,32,43
8/4/2023,2023-08-04,4,7,16,30,39,42
8/2/2023,2023-08-02,10,14,16,18,20,39
7/31/2023,2023-07-31,7,9,29,31,35,44
7/28/2023,2023-07-28,9,10,23,36,42,43
7/26/2023,2023-07-26,1,2,7,12,38,41
7/24/2023,2023-07-24,16,18,20,21,27,38
7/21/2023,2023-07-21,7,13,26,40,41,42
7/19/2023,2023-07-19,6,7,10,11,23,43
7/17/2023,2023-07-17,10,13,18,31,34,37
7/14/2023,2023-07-14,8,12,15,16,41,43
7/12/2023,2023-07-12,2,13,19,21,36,38
7/10/2023,2023-07-10,13,26,38,41,42,45
7/7/2023,2023-07-07,4,7,31,33,35,44
7/5/2023,2023-07-05,8,18,24,29,39,44
7/3/2023,2023-07-03,3,18,19,29,33,35
6/30/2023,2023-06-30,8,14,15,29,32,40
6/28/2023,2023-06-28,3,8,13,30,31,43
6/26/2023,2023-06-26,6,12,14,26,40,44
6/23/2023,2023-06-23,19,24,25,31,41,42
6/21/2023,2023-06-21,3,9,11,13,22,31
6/19/2023,2023-06-19,10,11,14,21,27,42
6/16/2023,2023-06-16,5,15,16,20,26,33
6/14/2023,2023-06-14,10,17,21,22,28,40
6/12/2023,2023-06-12,1,3,23,31,39,43
6/9/2023,2023-06-09,7,8,14,29,32,35
6/7/2023,2023-06-07,8,10,18,27,36,40
6/5/2023,2023-06-05,1,2,8,20,22,45
6/2/2023,2023-06-02,3,5,9,11,15,25
5/31/2023,2023-05-31,3,16,17,20,23,35
5/29/2023,2023-05-29,13,22,28,37,40,41
5/26/2023,2023-05-26,5,10,15,30,32,41
5/24/2023,2023-05-24,6,15,23,28,37,45
5/22/2023,2023-05-22,19,22,31,33,40,43
5/19/2023,2023-05-19,4,6,10,29,36,42
5/17/2023,2023-05-17,10,13,23,34,35,37
5/15/2023,2023-05-15,5,8,14,25,35,38
5/12/2023,2023-05-12,1,5,14,25,36,44
5/10/2023,2023-05-10,2,5,7,15,25,41
5/8/2023,2023-05-08,4,25,26,40,42,44
5/5/2023,2023-05-05,10,15,16,32,39,42
5/3/2023,2023-05-03,4,15,17,27,33,40
5/1/2023,2023-05-01,5,20,24,27,37,39
4/28/2023,2023-04-28,4,15,27,38,42,45
4/26/2023,2023-04-26,1,7,21,25,29,34
4/24/2023,2023-04-24,2,11,13,16,42,45
4/21/2023,2023-04-21,6,25,27,30,33,41
4/19/2023,2023-04-19,2,33,37,42,43,44
4/17/2023,2023-04-17,5,10,15,17,41,42
4/14/2023,2023-04-14,5,13,22,28,30,36
4/12/2023,2023-04-12,8,13,21,25,26,39
4/10/2023,2023-04-10,15,28,30,34,41,43
4/5/2023,2023-04-05,7,9,13,26,40,42
4/3/2023,2023-04-03,8,28,37,40,42,45
3/31/2023,2023-03-31,9,19,20,37,40,43
3/29/2023,2023-03-29,23,29,31,32,34,40
3/27/2023,2023-03-27,7,9,11,13,40,43
3/24/2023,2023-03-24,2,20,23,32,37,44
3/22/2023,2023-03-22,1,2,3,8,23,41
3/20/2023,2023-03-20,11,17,30,37,39,42
3/17/2023,2023-03-17,1,4,7,27,34,43
3/15/2023,2023-03-15,5,11,13,18,23,39
3/13/2023,2023-03-13,5,9,18,34,40,45
3/10/2023,2023-03-10,7,25,28,31,32,36
3/8/2023,2023-03-08,15,23,24,25,34,40
3/6/2023,2023-03-06,5,11,18,26,43,45
3/3/2023,2023-03-03,19,25,27,30,38,39
3/1/2023,2023-03-01,1,4,7,13,42,44
2/27/2023,2023-02-27,4,9,11,15,25,35
2/24/2023,2023-02-24,8,10,22,36,38,45
2/22/2023,2023-02-22,1,22,27,31,37,43
2/20/2023,2023-02-20,10,14,17,21,23,31
2/17/2023,2023-02-17,4,27,33,39,43,44
2/15/2023,2023-02-15,5,8,14,30,40,43
2/13/2023,2023-02-13,6,19,21,25,32,42
2/10/2023,2023-02-10,6,9,20,29,38,43
2/8/2023,2023-02-08,9,16,18,20,34,45
2/6/2023,2023-02-06,12,14,15,21,25,38
2/3/2023,2023-02-03,5,7,11,28,40,43
2/1/2023,2023-02-01,5,21,27,29,37,42
1/30/2023,2023-01-30,3,16,18,20,35,41
1/27/2023,2023-01-27,14,21,29,34,37,42
1/25/2023,2023-01-25,7,8,20,29,32,34
1/23/2023,2023-01-23,7,15,18,32,33,39
1/20/2023,2023-01-20,5,21,28,34,39,45
1/18/2023,2023-01-18,3,5,7,10,37,38
1/16/2023,2023-01-16,9,13,15,16,31,32
1/13/2023,2023-01-13,9,14,18,33,35,39
1/11/2023,2023-01-11,15,20,29,30,31,45
1/9/2023,2023-01-09,5,9,25,28,33,45
1/6/2023,2023-01-06,4,6,12,33,41,44
1/4/2023,2023-01-04,7,24,31,37,38,45
1/2/2023,2023-01-02,4,15,17,26,34,38
12/30/2022,2022-12-30,3,14,27,28,34,40
12/28/2022,2022-12-28,8,10,11,18,34,38
12/26/2022,2022-12-26,6,8,11,36,39,42
12/23/2022,2022-12-23,1,3,11,12,17,21
12/21/2022,2022-12-21,4,13,25,31,35,43
12/19/2022,2022-12-19,4,8,9,11,14,19
12/16/2022,2022-12-16,6,9,15,21,30,36
12/14/2022,2022-12-14,2,7,11,17,30,38
12/12/2022,2022-12-12,9,11,15,21,30,40
12/9/2022,2022-12-09,1,14,17,19,25,35
12/7/2022,2022-12-07,7,11,23,26,31,43
12/5/2022,2022-12-05,17,25,30,35,38,45
12/2/2022,2022-12-02,7,14,31,33,40,43
11/30/2022,2022-11-30,4,11,26,39,40,42
11/28/2022,2022-11-28,6,19,21,25,38,42
11/25/2022,2022-11-25,4,8,12,14,22,33
11/23/2022,2022-11-23,3,10,17,19,32,41
11/21/2022,2022-11-21,4,8,22,30,39,42
11/18/2022,2022-11-18,1,3,23,26,29,33
11/16/2022,2022-11-16,9,13,19,22,38,41
11/14/2022,2022-11-14,5,9,37,40,41,44
11/11/2022,2022-11-11,1,2,8,21,26,41
11/9/2022,2022-11-09,1,2,6,12,26,34
11/7/2022,2022-11-07,3,10,19,31,38,41
11/4/2022,2022-11-04,2,7,11,13,16,19
11/2/2022,2022-11-02,3,6,7,11,17,42
10/31/2022,2022-10-31,2,13,27,30,42,43
10/28/2022,2022-10-28,7,8,11,13,24,39
10/26/2022,2022-10-26,2,7,25,31,35,41
10/24/2022,2022-10-24,4,13,14,18,27,44
10/21/2022,2022-10-21,11,22,34,35,40,41
10/19/2022,2022-10-19,11,13,25,31,35,37
10/17/2022,2022-10-17,3,11,19,24,30,35
10/14/2022,2022-10-14,1,8,10,15,17,38
10/12/2022,2022-10-12,4,6,10,18,31,39
10/10/2022,2022-10-10,3,6,19,20,25,35
10/7/2022,2022-10-07,4,21,30,34,35,39
10/5/2022,2022-10-05,3,9,21,23,40,43
10/3/2022,2022-10-03,4,21,36,38,44,45
9/30/2022,2022-09-30,3,16,18,31,32,33
9/28/2022,2022-09-28,9,16,22,25,31,34
9/26/2022,2022-09-26,16,22,25,30,38,43
9/23/2022,2022-09-23,7,21,24,34,38,44
9/21/2022,2022-09-21,1,20,26,31,39,42
9/19/2022,2022-09-19,17,18,20,22,25,41
9/16/2022,2022-09-16,12,17,22,30,41,42
9/14/2022,2022-09-14,10,11,28,30,40,41
9/12/2022,2022-09-12,3,14,16,19,26,37
9/9/2022,2022-09-09,10,12,20,29,32,39
9/7/2022,2022-09-07,4,5,10,11,24,31
9/5/2022,2022-09-05,4,10,12,16,36,39
9/2/2022,2022-09-02,9,21,27,38,42,44
8/31/2022,2022-08-31,2,4,16,27,35,40
8/29/2022,2022-08-29,17,19,21,24,26,38
8/26/2022,2022-08-26,2,10,12,25,28,34
8/24/2022,2022-08-24,18,30,36,37,40,45
8/22/2022,2022-08-22,8,10,20,30,33,34
8/19/2022,2022-08-19,15,19,27,36,37,43
8/17/2022,2022-08-17,1,4,11,15,22,44
8/15/2022,2022-08-15,15,19,34,36,37,41
8/12/2022,2022-08-12,1,3,9,19,23,28
8/10/2022,2022-08-10,15,18,19,20,27,41
8/8/2022,2022-08-08,1,7,29,32,39,42
8/5/2022,2022-08-05,13,18,23,28,30,31
8/3/2022,2022-08-03,3,10,19,33,37,45
8/1/2022,2022-08-01,13,15,17,26,31,41
7/29/2022,2022-07-29,7,8,14,30,41,44
7/27/2022,2022-07-27,7,9,10,18,30,32
7/25/2022,2022-07-25,7,9,11,12,32,40
7/22/2022,2022-07-22,11,15,16,20,30,41
7/20/2022,2022-07-20,2,11,23,24,38,45
7/18/2022,2022-07-18,6,13,17,39,40,45
7/15/2022,2022-07-15,2,4,26,33,35,37
7/13/2022,2022-07-13,12,17,19,23,30,32
7/11/2022,2022-07-11,8,16,20,27,28,43
7/8/2022,2022-07-08,11,13,28,39,40,41
7/6/2022,2022-07-06,7,13,29,35,37,38
7/4/2022,2022-07-04,4,6,7,21,33,40
7/1/2022,2022-07-01,1,2,20,22,28,44
6/29/2022,2022-06-29,7,10,22,36,39,42
6/27/2022,2022-06-27,10,19,22,31,33,44
6/24/2022,2022-06-24,3,10,13,16,25,28
6/22/2022,2022-06-22,7,10,12,23,34,43
6/20/2022,2022-06-20,14,17,18,23,25,32
6/17/2022,2022-06-17,2,3,10,12,18,27
6/15/2022,2022-06-15,12,13,18,29,33,43
6/13/2022,2022-06-13,2,14,18,22,32,41
6/10/2022,2022-06-10,5,9,27,29,39,43
6/8/2022,2022-06-08,4,17,19,24,35,43
6/6/2022,2022-06-06,12,16,22,25,31,34
6/3/2022,2022-06-03,4,15,20,31,32,39
6/1/2022,2022-06-01,2,25,26,28,34,41
5/30/2022,2022-05-30,12,21,24,30,40,44
5/27/2022,2022-05-27,7,8,14,39,42,45
5/25/2022,2022-05-25,4,10,27,34,37,39
5/23/2022,2022-05-23,3,5,9,13,26,36
5/20/2022,2022-05-20,1,10,12,14,23,32
5/18/2022,2022-05-18,1,10,26,40,42,45
5/16/2022,2022-05-16,1,8,10,13,20,22
5/13/2022,2022-05-13,2,20,21,22,25,31
5/11/2022,2022-05-11,6,9,27,35,36,45
5/9/2022,2022-05-09,1,3,19,21,36,39
5/6/2022,2022-05-06,7,13,20,30,40,42
5/4/2022,2022-05-04,12,22,23,25,33,42
5/2/2022,2022-05-02,2,9,13,20,26,37
4/29/2022,2022-04-29,7,9,19,41,42,44
4/27/2022,2022-04-27,3,20,21,38,40,42
4/25/2022,2022-04-25,5,12,17,28,29,36
4/22/2022,2022-04-22,22,31,37,39,40,43
4/20/2022,2022-04-20,5,10,19,27,30,42
4/18/2022,2022-04-18,5,7,8,10,17,25
4/13/2022,2022-04-13,3,6,8,15,34,44
4/11/2022,2022-04-11,5,8,16,31,32,39
4/8/2022,2022-04-08,5,14,27,28,35,44
4/6/2022,2022-04-06,5,16,25,31,32,38
4/4/2022,2022-04-04,7,28,29,35,39,43
4/1/2022,2022-04-01,1,2,10,11,37,42
3/30/2022,2022-03-30,1,7,8,21,34,37
3/28/2022,2022-03-28,3,5,7,8,12,25
3/25/2022,2022-03-25,4,11,26,43,44,45
3/23/2022,2022-03-23,8,10,23,32,41,44
3/21/2022,2022-03-21,1,12,19,33,38,41
3/18/2022,2022-03-18,7,17,18,22,26,34
3/16/2022,2022-03-16,6,8,12,22,38,43
3/14/2022,2022-03-14,7,10,15,33,41,42
3/11/2022,2022-03-11,3,5,11,16,22,34
3/9/2022,2022-03-09,9,11,17,22,24,33
3/7/2022,2022-03-07,3,7,20,29,30,44
3/4/2022,2022-03-04,2,8,20,27,37,45
3/2/2022,2022-03-02,2,17,27,30,42,45
2/28/2022,2022-02-28,3,12,18,27,37,44
2/25/2022,2022-02-25,6,21,22,23,36,41
2/23/2022,2022-02-23,3,22,30,34,35,44
2/21/2022,2022-02-21,15,21,27,31,35,41
2/18/2022,2022-02-18,4,6,16,29,30,31
2/16/2022,2022-02-16,6,10,13,15,20,34
2/14/2022,2022-02-14,6,15,18,22,27,29
2/11/2022,2022-02-11,17,19,23,30,41,43
2/9/2022,2022-02-09,8,17,25,30,32,43
2/7/2022,2022-02-07,4,7,8,10,38,45
2/4/2022,2022-02-04,5,14,15,34,42,45
2/2/2022,2022-02-02,3,5,20,25,32,42
1/31/2022,2022-01-31,7,13,23,27,33,38
1/28/2022,2022-01-28,4,13,24,26,31,40
1/26/2022,2022-01-26,7,11,14,19,34,35
1/24/2022,2022-01-24,8,9,18,26,27,44
1/21/2022,2022-01-21,6,10,17,30,34,43
1/19/2022,2022-01-19,2,8,12,26,39,40
1/17/2022,2022-01-17,7,14,22,29,34,37
1/14/2022,2022-01-14,13,17,18,20,24,31
1/12/2022,2022-01-12,12,16,26,40,44,45
1/10/2022,2022-01-10,8,24,30,32,33,40
1/7/2022,2022-01-07,7,10,12,26,41,44
1/5/2022,2022-01-05,10,19,20,21,27,30
1/3/2022,2022-01-03,8,12,24,25,30,32
12/31/2021,2021-12-31,3,15,16,18,19,39
12/29/2021,2021-12-29,3,15,18,25,29,39
12/27/2021,2021-12-27,8,19,21,34,37,43
12/24/2021,2021-12-24,6,21,26,31,33,36
12/22/2021,2021-12-22,6,7,17,23,36,40
12/20/2021,2021-12-20,13,18,20,26,30,37
12/17/2021,2021-12-17,5,20,29,36,43,45
12/15/2021,2021-12-15,3,8,14,20,21,24
12/13/2021,2021-12-13,4,7,10,12,36,40
12/10/2021,2021-12-10,3,18,23,27,33,42
12/8/2021,2021-12-08,2,8,37,39,43,44
12/6/2021,2021-12-06,5,18,30,31,32,38
12/3/2021,2021-12-03,12,25,33,34,35,36
12/1/2021,2021-12-01,1,25,26,27,30,45
11/29/2021,2021-11-29,1,8,17,23,30,38
11/26/2021,2021-11-26,12,15,20,23,28,43
11/24/2021,2021-11-24,2,13,19,28,29,38
11/22/2021,2021-11-22,8,9,17,23,34,40
11/19/2021,2021-11-19,2,23,25,35,38,41
11/17/2021,2021-11-17,3,15,18,26,28,38
11/15/2021,2021-11-15,7,28,39,41,42,44
11/12/2021,2021-11-12,6,14,29,35,38,41
11/10/2021,2021-11-10,5,14,15,16,41,44
11/8/2021,2021-11-08,14,15,21,35,40,42
11/5/2021,2021-11-05,9,10,17,24,32,33
11/3/2021,2021-11-03,4,8,13,28,34,38
11/1/2021,2021-11-01,3,7,13,15,35,38
10/29/2021,2021-10-29,10,12,26,27,37,42
10/27/2021,2021-10-27,4,25,26,33,34,36
10/25/2021,2021-10-25,20,26,34,37,40,44
10/22/2021,2021-10-22,5,25,30,37,38,41
10/20/2021,2021-10-20,1,2,15,18,30,45
10/18/2021,2021-10-18,5,21,24,28,29,40
10/15/2021,2021-10-15,13,21,23,25,37,44
10/13/2021,2021-10-13,24,25,31,35,41,43
10/11/2021,2021-10-11,25,30,38,39,43,44
10/8/2021,2021-10-08,5,11,29,38,39,41
10/6/2021,2021-10-06,6,7,34,35,38,41
10/4/2021,2021-10-04,2,6,19,22,34,38
10/1/2021,2021-10-01,9,10,13,19,29,30
9/29/2021,2021-09-29,3,7,10,11,14,30
9/27/2021,2021-09-27,3,7,8,35,44,45
9/24/2021,2021-09-24,2,4,6,24,28,41
9/22/2021,2021-09-22,3,18,19,31,37,40
9/20/2021,2021-09-20,5,18,20,22,30,44
9/17/2021,2021-09-17,1,20,21,30,40,42
9/15/2021,2021-09-15,17,18,29,30,38,43
9/13/2021,2021-09-13,4,13,19,39,41,42
9/8/2021,2021-09-08,2,10,14,17,35,42
9/6/2021,2021-09-06,11,16,31,40,43,45
9/3/2021,2021-09-03,1,6,16,23,28,34
9/1/2021,2021-09-01,14,26,30,31,37,38
8/30/2021,2021-08-30,5,13,19,20,41,42
8/27/2021,2021-08-27,11,14,22,35,42,45
8/25/2021,2021-08-25,12,21,29,38,43,44
8/23/2021,2021-08-23,5,16,23,24,36,37
8/20/2021,2021-08-20,3,8,9,10,32,34
8/18/2021,2021-08-18,9,20,28,31,32,38
8/16/2021,2021-08-16,3,8,10,13,37,41
8/13/2021,2021-08-13,8,19,28,38,42,43
8/11/2021,2021-08-11,8,15,20,21,23,44
8/9/2021,2021-08-09,2,15,23,24,41,42
8/6/2021,2021-08-06,9,11,24,32,33,42
8/4/2021,2021-08-04,2,23,24,34,38,42
8/2/2021,2021-08-02,10,16,26,38,41,44
7/30/2021,2021-07-30,10,19,37,41,42,44
7/28/2021,2021-07-28,8,17,22,26,32,34
7/26/2021,2021-07-26,8,24,30,34,36,40
7/23/2021,2021-07-23,2,5,8,9,10,31
7/21/2021,2021-07-21,5,10,13,22,32,33
7/19/2021,2021-07-19,6,9,22,31,38,44
7/16/2021,2021-07-16,5,14,19,30,40,45
7/14/2021,2021-07-14,2,16,25,26,34,43
7/12/2021,2021-07-12,3,12,25,29,36,43
7/9/2021,2021-07-09,12,15,18,27,32,43
7/7/2021,2021-07-07,5,7,12,16,25,26
7/5/2021,2021-07-05,6,14,15,20,37,44
7/2/2021,2021-07-02,4,7,9,10,30,33
6/30/2021,2021-06-30,6,9,14,15,16,25
6/28/2021,2021-06-28,1,18,25,32,37,40
6/25/2021,2021-06-25,6,7,8,16,28,31
6/23/2021,2021-06-23,7,17,23,24,31,33
6/21/2021,2021-06-21,20,22,35,38,40,44
6/18/2021,2021-06-18,3,6,12,25,33,39
6/16/2021,2021-06-16,8,12,16,27,39,44
6/14/2021,2021-06-14,9,14,25,28,32,35
6/11/2021,2021-06-11,18,26,29,31,39,41
6/9/2021,2021-06-09,4,13,16,18,25,45
6/7/2021,2021-06-07,11,12,15,17,32,37
6/4/2021,2021-06-04,2,6,27,29,32,43
6/2/2021,2021-06-02,2,3,10,25,31,33
5/31/2021,2021-05-31,8,17,23,33,38,39
5/28/2021,2021-05-28,11,14,23,27,33,42
5/26/2021,2021-05-26,4,23,29,32,36,43
5/24/2021,2021-05-24,1,3,13,20,25,35
5/21/2021,2021-05-21,2,7,9,14,27,43
5/19/2021,2021-05-19,8,9,26,40,43,45
5/17/2021,2021-05-17,6,14,20,24,27,32
5/14/2021,2021-05-14,6,12,22,27,28,32
5/12/2021,2021-05-12,1,5,17,37,38,42
5/10/2021,2021-05-10,13,23,32,34,39,41
5/7/2021,2021-05-07,14,16,20,23,40,45
5/5/2021,2021-05-05,2,3,11,23,31,32
5/3/2021,2021-05-03,18,20,27,33,34,43
4/30/2021,2021-04-30,5,16,17,18,24,38
4/28/2021,2021-04-28,1,2,5,15,42,45
4/26/2021,2021-04-26,9,10,15,32,39,43
4/23/2021,2021-04-23,2,7,21,26,28,44
4/21/2021,2021-04-21,9,28,30,36,38,41
4/19/2021,2021-04-19,13,14,15,17,37,45
4/16/2021,2021-04-16,1,7,22,30,34,36
4/14/2021,2021-04-14,1,11,24,38,39,41
4/12/2021,2021-04-12,5,16,29,31,34,44
4/9/2021,2021-04-09,10,16,25,30,38,42
4/7/2021,2021-04-07,7,15,36,38,39,44
4/5/2021,2021-04-05,14,22,33,39,44,45
3/31/2021,2021-03-31,4,12,23,26,36,43
3/26/2021,2021-03-26,3,10,18,23,34,35
3/24/2021,2021-03-24,10,16,38,39,41,44
3/22/2021,2021-03-22,12,23,24,33,35,36
3/19/2021,2021-03-19,8,30,32,37,40,42
3/17/2021,2021-03-17,2,3,28,35,36,43
3/15/2021,2021-03-15,2,7,13,34,35,45
3/12/2021,2021-03-12,19,23,30,31,37,41
3/10/2021,2021-03-10,15,23,25,29,38,40
3/8/2021,2021-03-08,2,12,16,17,27,43
3/5/2021,2021-03-05,1,4,5,17,32,39
3/3/2021,2021-03-03,5,19,22,25,36,42
3/1/2021,2021-03-01,4,11,21,24,30,39
2/26/2021,2021-02-26,2,8,13,29,33,37
2/24/2021,2021-02-24,3,4,13,17,38,40
2/22/2021,2021-02-22,13,29,30,32,35,42
2/19/2021,2021-02-19,4,6,7,14,21,29
2/17/2021,2021-02-17,3,12,13,14,36,43
2/15/2021,2021-02-15,16,32,38,40,43,44
2/12/2021,2021-02-12,9,20,27,29,30,33
2/10/2021,2021-02-10,4,16,17,29,38,45
2/8/2021,2021-02-08,5,22,31,35,36,42
2/5/2021,2021-02-05,4,6,13,18,19,29
2/3/2021,2021-02-03,3,30,33,35,38,39
2/1/2021,2021-02-01,1,6,12,25,37,41
1/29/2021,2021-01-29,14,17,23,27,36,42
1/27/2021,2021-01-27,7,10,12,29,32,35
1/25/2021,2021-01-25,13,18,23,24,30,34
1/22/2021,2021-01-22,7,26,27,41,42,44
1/20/2021,2021-01-20,1,20,25,33,40,42
1/18/2021,2021-01-18,1,4,9,31,35,45
1/15/2021,2021-01-15,4,8,14,17,21,38
1/13/2021,2021-01-13,9,12,18,19,22,44
1/11/2021,2021-01-11,1,17,20,21,37,42
1/8/2021,2021-01-08,2,7,12,16,25,39
1/6/2021,2021-01-06,2,7,27,28,33,45
1/4/2021,2021-01-04,7,19,27,30,39,44
12/30/2020,2020-12-30,6,12,15,25,29,33
12/28/2020,2020-12-28,2,4,5,8,30,42
12/23/2020,2020-12-23,2,8,22,24,33,43
12/21/2020,2020-12-21,1,6,10,15,27,39
12/18/2020,2020-12-18,25,27,30,34,37,38
12/16/2020,2020-12-16,1,17,33,37,42,44
12/14/2020,2020-12-14,6,11,24,25,34,39
12/11/2020,2020-12-11,5,15,22,26,31,33
12/9/2020,2020-12-09,9,10,12,14,41,44
12/7/2020,2020-12-07,6,8,9,28,33,34
12/4/2020,2020-12-04,8,10,14,18,32,44
12/2/2020,2020-12-02,1,7,13,15,22,39
11/30/2020,2020-11-30,16,19,26,28,30,39
11/27/2020,2020-11-27,4,5,20,28,33,41
11/25/2020,2020-11-25,1,14,18,31,37,45
11/23/2020,2020-11-23,5,8,26,27,38,40
11/20/2020,2020-11-20,11,15,20,21,27,38
11/18/2020,2020-11-18,3,6,14,15,37,43
11/16/2020,2020-11-16,5,9,17,37,43,44
11/13/2020,2020-11-13,16,31,37,42,43,45
11/11/2020,2020-11-11,10,12,22,24,29,43
11/9/2020,2020-11-09,11,16,17,20,31,32
11/6/2020,2020-11-06,1,3,23,43,44,45
11/4/2020,2020-11-04,5,21,26,34,40,45
11/2/2020,2020-11-02,2,5,14,15,18,35
10/30/2020,2020-10-30,3,21,23,27,30,42
10/28/2020,2020-10-28,7,8,9,41,44,45
10/26/2020,2020-10-26,4,10,17,22,24,36
10/23/2020,2020-10-23,1,3,10,12,24,44
10/21/2020,2020-10-21,9,12,19,24,29,37
10/19/2020,2020-10-19,5,27,29,30,33,37
10/16/2020,2020-10-16,1,17,19,20,30,31
10/14/2020,2020-10-14,3,10,18,27,37,44
10/12/2020,2020-10-12,4,9,10,14,15,37
10/9/2020,2020-10-09,10,19,26,31,33,37
10/7/2020,2020-10-07,4,6,9,20,32,33
10/5/2020,2020-10-05,3,30,31,33,41,43
10/2/2020,2020-10-02,2,12,16,21,27,44
9/30/2020,2020-09-30,6,8,14,32,39,43
9/28/2020,2020-09-28,3,8,13,23,31,38
9/25/2020,2020-09-25,9,17,24,36,42,45
9/23/2020,2020-09-23,16,18,26,31,33,34
9/21/2020,2020-09-21,3,5,8,23,43,44
9/18/2020,2020-09-18,2,5,14,24,26,39
9/16/2020,2020-09-16,2,8,17,18,26,33
9/14/2020,2020-09-14,6,13,14,20,24,44
9/11/2020,2020-09-11,5,13,17,18,20,42
9/9/2020,2020-09-09,2,25,35,37,38,45
9/7/2020,2020-09-07,5,7,17,27,34,37
9/4/2020,2020-09-04,4,14,25,27,40,44
9/2/2020,2020-09-02,3,6,9,10,28,33
8/31/2020,2020-08-31,7,23,24,34,38,40
8/28/2020,2020-08-28,12,14,20,26,32,42
8/26/2020,2020-08-26,1,10,13,21,35,38
8/24/2020,2020-08-24,1,15,18,25,31,32
8/21/2020,2020-08-21,15,26,34,35,41,42
8/19/2020,2020-08-19,22,26,31,35,37,42
8/17/2020,2020-08-17,15,16,17,32,35,39
8/14/2020,2020-08-14,6,12,18,19,27,40
8/12/2020,2020-08-12,2,20,22,28,40,43
8/10/2020,2020-08-10,12,13,21,27,34,38
8/7/2020,2020-08-07,5,9,35,36,38,42
3/16/2020,2020-03-16,5,8,9,12,24,26
3/13/2020,2020-03-13,2,23,25,35,39,44
3/11/2020,2020-03-11,4,19,29,30,36,39
3/9/2020,2020-03-09,3,16,26,34,41,42
3/6/2020,2020-03-06,11,19,32,34,36,40
3/4/2020,2020-03-04,15,25,27,32,35,39
3/2/2020,2020-03-02,3,4,8,13,22,36
2/28/2020,2020-02-28,11,15,28,31,35,40
2/26/2020,2020-02-26,5,6,11,12,24,30
2/24/2020,2020-02-24,9,10,19,37,40,42
2/21/2020,2020-02-21,3,4,6,13,15,16
2/19/2020,2020-02-19,3,15,20,37,40,43
2/17/2020,2020-02-17,4,5,9,22,27,39
2/14/2020,2020-02-14,6,7,10,12,37,42
2/12/2020,2020-02-12,2,12,20,29,34,42
2/10/2020,2020-02-10,1,3,15,25,35,45
2/7/2020,2020-02-07,3,8,23,26,30,38
2/5/2020,2020-02-05,1,13,17,22,34,43
2/3/2020,2020-02-03,11,22,24,30,35,36
1/31/2020,2020-01-31,16,26,28,30,38,43
1/29/2020,2020-01-29,3,4,9,17,30,38
1/27/2020,2020-01-27,9,11,24,31,32,45
1/24/2020,2020-01-24,2,3,5,18,28,31
1/22/2020,2020-01-22,1,10,30,31,36,41
1/20/2020,2020-01-20,3,8,11,12,15,25
1/17/2020,2020-01-17,4,8,15,18,21,39
1/15/2020,2020-01-15,11,35,38,40,41,45
1/13/2020,2020-01-13,4,12,15,35,39,45
1/10/2020,2020-01-10,4,11,13,19,21,25
1/8/2020,2020-01-08,1,20,23,25,28,35
1/6/2020,2020-01-06,2,12,14,18,37,40
1/3/2020,2020-01-03,1,32,34,36,40,41
12/30/2019,2019-12-30,2,5,18,31,42,43
12/27/2019,2019-12-27,2,10,11,25,33,40
12/23/2019,2019-12-23,17,19,23,27,31,38
12/20/2019,2019-12-20,11,13,16,27,33,39
12/18/2019,2019-12-18,4,11,20,27,28,41
12/16/2019,2019-12-16,8,9,12,17,20,43
12/13/2019,2019-12-13,4,11,18,26,31,42
12/11/2019,2019-12-11,2,8,17,24,34,36
12/9/2019,2019-12-09,10,13,17,19,24,26
12/6/2019,2019-12-06,19,20,29,38,41,42
12/4/2019,2019-12-04,11,22,26,29,33,37
12/2/2019,2019-12-02,3,10,29,36,38,45
11/29/2019,2019-11-29,10,14,25,29,43,45
11/27/2019,2019-11-27,4,24,29,33,34,39
11/25/2019,2019-11-25,5,12,23,24,27,41
11/23/2019,2019-11-23,1,3,5,22,23,28
11/22/2019,2019-11-22,1,7,11,12,18,37
11/20/2019,2019-11-20,2,3,23,27,40,43
11/18/2019,2019-11-18,8,27,31,33,34,38
11/15/2019,2019-11-15,6,7,9,16,19,22
11/13/2019,2019-11-13,2,9,19,21,34,37
11/11/2019,2019-11-11,15,18,28,33,41,43
11/8/2019,2019-11-08,1,4,13,38,42,43
11/6/2019,2019-11-06,1,8,11,25,35,45
11/4/2019,2019-11-04,4,13,17,30,34,39
11/1/2019,2019-11-01,4,7,24,32,42,44
10/30/2019,2019-10-30,3,5,13,18,29,34
10/28/2019,2019-10-28,27,30,37,43,44,45
10/25/2019,2019-10-25,3,20,23,27,36,40
10/23/2019,2019-10-23,6,7,21,29,37,43
10/21/2019,2019-10-21,13,17,19,21,37,38
10/18/2019,2019-10-18,3,22,30,32,33,42
10/16/2019,2019-10-16,3,18,30,36,39,45
10/14/2019,2019-10-14,1,6,7,16,19,37
10/11/2019,2019-10-11,2,14,15,18,37,44
10/9/2019,2019-10-09,2,12,21,26,36,43
10/7/2019,2019-10-07,2,12,23,25,26,41
10/4/2019,2019-10-04,10,13,19,20,35,43
10/2/2019,2019-10-02,10,11,16,18,39,43
9/30/2019,2019-09-30,2,4,27,30,32,43
9/27/2019,2019-09-27,4,11,18,31,33,35
9/25/2019,2019-09-25,9,14,20,22,23,24
9/23/2019,2019-09-23,22,23,25,28,35,39
9/20/2019,2019-09-20,16,19,22,26,41,43
9/18/2019,2019-09-18,2,8,25,31,33,38
9/16/2019,2019-09-16,15,19,20,21,32,43
9/13/2019,2019-09-13,4,13,16,19,33,36
9/11/2019,2019-09-11,3,13,23,25,32,44
9/9/2019,2019-09-09,10,22,31,35,37,39
9/6/2019,2019-09-06,21,22,23,26,36,39
9/4/2019,2019-09-04,30,31,34,41,42,45
9/2/2019,2019-09-02,5,6,7,31,36,37
8/30/2019,2019-08-30,6,8,12,35,37,42
8/28/2019,2019-08-28,3,11,13,25,26,45
8/26/2019,2019-08-26,14,17,18,22,32,36
8/23/2019,2019-08-23,1,6,16,24,29,42
8/21/2019,2019-08-21,10,26,27,34,37,45
8/19/2019,2019-08-19,9,18,20,26,29,31
8/16/2019,2019-08-16,13,32,33,38,40,42
8/14/2019,2019-08-14,7,10,19,21,35,40
8/12/2019,2019-08-12,12,25,28,35,36,40
8/9/2019,2019-08-09,3,18,19,23,37,43
8/7/2019,2019-08-07,21,23,37,41,43,45
8/5/2019,2019-08-05,16,27,28,34,37,44
8/2/2019,2019-08-02,7,13,15,19,24,29
7/31/2019,2019-07-31,5,14,18,20,21,39
7/29/2019,2019-07-29,11,18,22,27,32,44
7/26/2019,2019-07-26,1,15,30,38,41,43
7/24/2019,2019-07-24,14,25,33,35,40,45
7/22/2019,2019-07-22,4,7,8,11,23,25
7/19/2019,2019-07-19,10,11,15,34,35,39
7/17/2019,2019-07-17,8,11,25,33,43,45
7/15/2019,2019-07-15,3,5,20,29,31,34
7/12/2019,2019-07-12,5,9,10,35,39,41
7/10/2019,2019-07-10,6,8,13,32,36,39
7/8/2019,2019-07-08,9,10,26,30,31,41
7/5/2019,2019-07-05,10,11,14,23,37,45
7/3/2019,2019-07-03,12,14,20,24,29,38
7/1/2019,2019-07-01,4,20,32,35,43,44
6/28/2019,2019-06-28,4,16,18,24,32,34
6/26/2019,2019-06-26,9,12,14,18,19,40
6/24/2019,2019-06-24,3,7,13,26,27,40
6/21/2019,2019-06-21,2,11,14,31,32,45
6/19/2019,2019-06-19,1,11,18,34,37,43
6/17/2019,2019-06-17,6,7,12,25,30,37
6/14/2019,2019-06-14,2,6,8,20,42,43
6/12/2019,2019-06-12,1,6,9,23,28,43
6/10/2019,2019-06-10,13,17,21,25,34,39
6/7/2019,2019-06-07,1,6,19,20,28,45
6/5/2019,2019-06-05,10,13,16,23,31,32
6/3/2019,2019-06-03,4,13,21,32,43,45
5/31/2019,2019-05-31,2,5,21,25,28,44
5/29/2019,2019-05-29,9,13,16,37,44,45
5/27/2019,2019-05-27,20,30,32,33,38,41
5/24/2019,2019-05-24,11,13,21,26,30,33
5/22/2019,2019-05-22,2,8,14,33,35,40
5/20/2019,2019-05-20,3,7,18,30,31,35
5/17/2019,2019-05-17,1,5,17,32,42,45
5/15/2019,2019-05-15,1,6,12,20,22,35
5/13/2019,2019-05-13,4,6,26,34,37,45
5/10/2019,2019-05-10,1,3,7,12,30,42
5/8/2019,2019-05-08,13,14,32,34,37,44
5/6/2019,2019-05-06,12,23,29,32,33,40
5/3/2019,2019-05-03,11,18,22,28,30,40
5/1/2019,2019-05-01,1,7,17,18,40,45
4/29/2019,2019-04-29,10,17,18,19,23,35
4/26/2019,2019-04-26,5,21,26,32,34,40
4/24/2019,2019-04-24,4,9,19,29,43,45
4/22/2019,2019-04-22,8,14,15,19,26,42
4/17/2019,2019-04-17,1,3,15,26,28,36
4/15/2019,2019-04-15,2,18,20,24,32,39
4/12/2019,2019-04-12,1,4,5,16,28,42
4/10/2019,2019-04-10,4,12,22,30,39,43
4/8/2019,2019-04-08,4,8,9,14,21,23
4/5/2019,2019-04-05,15,17,18,21,24,45
4/3/2019,2019-04-03,4,11,20,23,35,44
4/1/2019,2019-04-01,20,26,29,30,32,35
3/29/2019,2019-03-29,2,10,17,25,39,42
3/27/2019,2019-03-27,1,10,17,18,26,38
3/25/2019,2019-03-25,7,11,15,22,33,41
3/22/2019,2019-03-22,5,11,19,24,28,41
3/20/2019,2019-03-20,12,22,32,33,36,39
3/18/2019,2019-03-18,14,19,20,21,40,43
3/15/2019,2019-03-15,1,4,6,11,22,29
3/13/2019,2019-03-13,3,4,5,19,23,32
3/11/2019,2019-03-11,6,7,17,26,38,41
3/8/2019,2019-03-08,1,4,5,26,37,45
3/6/2019,2019-03-06,6,7,14,24,25,43
3/4/2019,2019-03-04,16,33,35,36,37,42
3/1/2019,2019-03-01,11,13,24,27,33,38
2/27/2019,2019-02-27,2,7,14,31,34,38
2/25/2019,2019-02-25,8,15,24,27,29,45
2/22/2019,2019-02-22,8,18,27,31,35,38
2/20/2019,2019-02-20,1,14,23,24,36,45
2/18/2019,2019-02-18,7,18,29,32,42,43
2/15/2019,2019-02-15,15,28,31,37,39,40
2/13/2019,2019-02-13,12,15,16,28,32,35
2/11/2019,2019-02-11,2,17,32,36,38,40
2/8/2019,2019-02-08,10,16,25,26,30,31
2/6/2019,2019-02-06,14,22,27,38,43,44
2/4/2019,2019-02-04,5,6,12,17,23,29
2/1/2019,2019-02-01,7,16,32,33,36,37
1/30/2019,2019-01-30,8,11,25,39,41,45
1/28/2019,2019-01-28,4,5,6,27,34,43
1/25/2019,2019-01-25,2,11,20,23,44,45
1/23/2019,2019-01-23,1,18,19,25,39,43
1/21/2019,2019-01-21,9,13,16,20,30,32
1/18/2019,2019-01-18,3,5,22,39,44,45
1/16/2019,2019-01-16,2,12,15,17,19,26
1/14/2019,2019-01-14,1,2,6,29,31,38
1/11/2019,2019-01-11,2,18,31,32,43,44
1/9/2019,2019-01-09,2,5,20,21,26,37
1/7/2019,2019-01-07,2,4,8,21,23,41
1/4/2019,2019-01-04,6,14,21,23,26,27
1/2/2019,2019-01-02,10,15,21,37,39,45
12/31/2018,2018-12-31,1,24,27,29,32,39
12/28/2018,2018-12-28,16,18,19,26,35,41
12/26/2018,2018-12-26,6,13,15,26,33,40
12/24/2018,2018-12-24,6,21,23,29,35,37
12/21/2018,2018-12-21,7,21,23,28,39,42
12/19/2018,2018-12-19,3,4,9,36,39,44
12/17/2018,2018-12-17,2,20,28,35,43,44
12/14/2018,2018-12-14,2,19,21,25,32,33
12/12/2018,2018-12-12,4,15,23,31,37,40
12/10/2018,2018-12-10,11,14,27,39,41,45
12/7/2018,2018-12-07,5,24,25,28,30,38
12/5/2018,2018-12-05,3,7,13,24,27,40
12/3/2018,2018-12-03,2,6,10,18,26,31
11/30/2018,2018-11-30,2,6,7,22,32,41
11/28/2018,2018-11-28,1,3,4,8,18,35
11/26/2018,2018-11-26,8,9,21,23,35,43
11/23/2018,2018-11-23,3,8,11,22,29,31
11/21/2018,2018-11-21,11,12,23,25,37,44
11/19/2018,2018-11-19,2,4,8,18,27,32
11/16/2018,2018-11-16,6,13,15,23,24,34
11/14/2018,2018-11-14,5,6,23,24,26,30
11/12/2018,2018-11-12,4,7,12,20,37,42
11/9/2018,2018-11-09,3,4,23,39,40,45
11/7/2018,2018-11-07,5,16,29,30,33,36
11/5/2018,2018-11-05,1,2,26,31,38,41
11/2/2018,2018-11-02,1,20,27,33,35,38
10/31/2018,2018-10-31,14,20,22,23,34,38
10/29/2018,2018-10-29,3,7,25,31,36,39
10/26/2018,2018-10-26,2,3,10,25,37,38
10/24/2018,2018-10-24,13,16,23,31,32,42
10/22/2018,2018-10-22,13,23,25,26,28,30
10/19/2018,2018-10-19,11,20,21,22,31,45
10/17/2018,2018-10-17,1,16,18,32,34,44
10/15/2018,2018-10-15,7,10,27,28,37,40
10/12/2018,2018-10-12,10,12,23,26,30,36
10/10/2018,2018-10-10,22,28,31,32,37,43
10/8/2018,2018-10-08,3,5,21,31,41,45
10/5/2018,2018-10-05,19,23,28,36,38,40
10/3/2018,2018-10-03,20,21,22,23,36,39
10/1/2018,2018-10-01,9,11,14,17,18,26
9/28/2018,2018-09-28,4,5,12,15,27,29
9/26/2018,2018-09-26,1,20,26,28,29,35
9/24/2018,2018-09-24,3,12,21,38,42,44
9/21/2018,2018-09-21,3,11,26,33,37,42
9/19/2018,2018-09-19,1,8,13,20,24,36
9/17/2018,2018-09-17,7,14,16,17,29,30
9/14/2018,2018-09-14,1,10,16,24,42,45
9/12/2018,2018-09-12,3,9,10,19,20,33
9/10/2018,2018-09-10,6,19,32,33,44,45
9/7/2018,2018-09-07,8,17,19,25,26,45
9/5/2018,2018-09-05,5,13,20,23,31,33
9/3/2018,2018-09-03,6,11,12,15,27,39
8/31/2018,2018-08-31,1,5,14,25,42,43
8/29/2018,2018-08-29,7,8,13,15,17,36
8/27/2018,2018-08-27,3,6,16,32,34,44
8/24/2018,2018-08-24,8,15,17,24,33,39
8/22/2018,2018-08-22,7,14,15,18,23,27
8/20/2018,2018-08-20,16,17,20,28,31,34
8/17/2018,2018-08-17,20,23,24,29,37,41
8/15/2018,2018-08-15,2,10,32,39,40,44
8/13/2018,2018-08-13,3,16,17,18,22,26
8/10/2018,2018-08-10,9,11,21,31,32,35
8/8/2018,2018-08-08,3,12,15,21,25,31
8/6/2018,2018-08-06,5,9,20,38,39,41
8/3/2018,2018-08-03,4,12,29,34,38,39
8/1/2018,2018-08-01,3,13,19,38,41,43
7/30/2018,2018-07-30,9,16,24,26,30,45
7/27/2018,2018-07-27,2,3,18,30,31,33
7/25/2018,2018-07-25,5,8,23,26,30,42
7/23/2018,2018-07-23,1,2,7,19,21,32
7/20/2018,2018-07-20,1,3,9,35,38,39
7/18/2018,2018-07-18,5,9,12,18,31,43
7/16/2018,2018-07-16,1,10,13,17,22,27
7/13/2018,2018-07-13,10,11,16,25,28,45
7/11/2018,2018-07-11,3,4,7,24,31,41
7/9/2018,2018-07-09,12,16,20,24,25,44
7/6/2018,2018-07-06,8,11,15,16,31,40
7/4/2018,2018-07-04,11,21,25,29,31,41
7/2/2018,2018-07-02,4,5,22,28,35,42
6/29/2018,2018-06-29,1,8,19,29,33,41
6/27/2018,2018-06-27,2,27,30,31,32,44
6/25/2018,2018-06-25,19,20,33,36,38,42
6/22/2018,2018-06-22,4,10,11,18,20,38
6/20/2018,2018-06-20,1,9,18,20,26,43
6/18/2018,2018-06-18,11,16,17,31,34,45
6/15/2018,2018-06-15,4,16,33,36,43,45
6/13/2018,2018-06-13,4,6,9,14,32,41
6/11/2018,2018-06-11,1,28,32,33,39,40
6/8/2018,2018-06-08,3,6,7,24,34,35
6/6/2018,2018-06-06,18,28,33,37,38,42
6/4/2018,2018-06-04,2,6,12,18,32,41
6/1/2018,2018-06-01,11,17,26,27,31,43
5/30/2018,2018-05-30,2,4,21,24,39,40
5/28/2018,2018-05-28,19,20,26,35,37,44
5/25/2018,2018-05-25,12,15,20,22,27,34
5/23/2018,2018-05-23,1,4,5,17,40,43
5/21/2018,2018-05-21,12,21,36,38,39,45
5/18/2018,2018-05-18,7,18,21,26,32,35
5/16/2018,2018-05-16,17,23,32,38,40,45
5/14/2018,2018-05-14,1,7,15,37,42,43
5/11/2018,2018-05-11,10,12,15,24,25,28
5/9/2018,2018-05-09,12,14,15,17,25,43
5/7/2018,2018-05-07,11,13,30,33,36,39
5/4/2018,2018-05-04,22,26,28,29,31,35
5/2/2018,2018-05-02,10,24,32,41,42,44
4/30/2018,2018-04-30,8,10,21,23,36,38
4/27/2018,2018-04-27,5,21,25,27,33,42
4/25/2018,2018-04-25,1,8,17,30,38,43
4/23/2018,2018-04-23,1,4,26,32,40,42
4/20/2018,2018-04-20,11,12,25,28,41,44
4/18/2018,2018-04-18,3,12,16,33,38,43
4/16/2018,2018-04-16,7,11,24,41,44,45
4/13/2018,2018-04-13,3,7,17,21,30,31
4/11/2018,2018-04-11,8,16,20,22,24,37
4/9/2018,2018-04-09,23,27,32,33,34,41
4/6/2018,2018-04-06,3,9,22,28,37,38
4/4/2018,2018-04-04,4,6,7,20,25,45
4/2/2018,2018-04-02,5,13,25,33,34,37
3/28/2018,2018-03-28,4,5,13,14,24,43
3/26/2018,2018-03-26,12,21,35,36,40,42
3/23/2018,2018-03-23,3,18,21,28,32,44
3/21/2018,2018-03-21,7,14,15,29,30,42
3/19/2018,2018-03-19,12,13,27,28,32,44
3/16/2018,2018-03-16,16,23,24,25,29,33
3/14/2018,2018-03-14,6,14,19,20,33,44
3/12/2018,2018-03-12,13,17,18,23,29,45
3/9/2018,2018-03-09,3,8,16,27,38,39
3/7/2018,2018-03-07,5,7,10,17,21,29
3/5/2018,2018-03-05,18,19,20,39,40,44
3/2/2018,2018-03-02,10,16,25,30,33,37
2/28/2018,2018-02-28,7,18,24,29,36,38
2/26/2018,2018-02-26,28,30,31,32,33,42
2/23/2018,2018-02-23,2,4,6,30,31,45
2/21/2018,2018-02-21,14,15,20,36,37,40
2/19/2018,2018-02-19,4,19,23,38,41,43
2/16/2018,2018-02-16,5,19,20,23,39,40
2/14/2018,2018-02-14,11,12,13,15,24,39
2/12/2018,2018-02-12,10,18,32,33,39,43
2/9/2018,2018-02-09,2,6,11,36,40,43
2/7/2018,2018-02-07,7,14,26,34,38,44
2/5/2018,2018-02-05,1,2,11,13,32,35
2/2/2018,2018-02-02,2,9,20,22,25,42
1/31/2018,2018-01-31,3,13,20,23,41,44
1/29/2018,2018-01-29,2,9,18,25,32,45
1/26/2018,2018-01-26,4,6,14,15,25,44
1/24/2018,2018-01-24,26,29,31,32,38,43
1/22/2018,2018-01-22,4,18,21,24,40,43
1/19/2018,2018-01-19,4,9,14,19,34,42
1/17/2018,2018-01-17,4,16,20,24,34,40
1/15/2018,2018-01-15,2,8,11,23,27,36
1/12/2018,2018-01-12,4,7,10,31,36,41
1/10/2018,2018-01-10,1,2,13,27,32,37
1/8/2018,2018-01-08,4,11,21,28,31,40
1/5/2018,2018-01-05,9,10,16,34,38,40
1/3/2018,2018-01-03,7,16,19,22,26,45
12/29/2017,2017-12-29,10,28,34,36,39,42
12/27/2017,2017-12-27,17,21,22,24,33,35
12/22/2017,2017-12-22,2,11,17,23,28,40
12/20/2017,2017-12-20,10,11,14,16,25,27
12/18/2017,2017-12-18,1,6,23,27,36,38
12/15/2017,2017-12-15,6,9,17,19,22,44
12/13/2017,2017-12-13,6,22,26,33,38,41
12/11/2017,2017-12-11,11,15,25,33,41,45
12/8/2017,2017-12-08,14,19,20,25,32,40
12/6/2017,2017-12-06,2,3,4,9,10,36
12/4/2017,2017-12-04,3,6,8,18,30,44
12/1/2017,2017-12-01,3,10,18,21,23,24
11/29/2017,2017-11-29,2,3,4,7,26,32
11/27/2017,2017-11-27,15,22,24,25,37,43
11/24/2017,2017-11-24,11,14,31,32,35,45
11/22/2017,2017-11-22,2,12,18,34,37,40
11/20/2017,2017-11-20,3,7,22,28,40,41
11/17/2017,2017-11-17,7,9,15,32,33,43
11/15/2017,2017-11-15,3,6,16,33,35,36
11/13/2017,2017-11-13,5,23,28,29,32,45
11/10/2017,2017-11-10,2,9,10,30,43,45
11/8/2017,2017-11-08,4,25,28,38,40,44
11/6/2017,2017-11-06,1,5,17,26,28,39
11/3/2017,2017-11-03,11,15,32,35,39,40
11/1/2017,2017-11-01,3,9,12,22,33,38
10/30/2017,2017-10-30,7,16,21,22,26,36
10/27/2017,2017-10-27,6,14,19,20,24,33
10/25/2017,2017-10-25,13,23,29,31,38,44
10/23/2017,2017-10-23,1,7,10,17,20,26
10/20/2017,2017-10-20,12,20,28,33,41,45
10/18/2017,2017-10-18,11,14,22,37,41,43
10/16/2017,2017-10-16,1,8,16,19,25,27
10/13/2017,2017-10-13,6,9,19,25,40,42
10/11/2017,2017-10-11,4,10,17,21,22,43
10/9/2017,2017-10-09,7,9,10,18,19,32
10/6/2017,2017-10-06,4,6,25,29,32,43
10/4/2017,2017-10-04,4,16,20,25,28,36
10/2/2017,2017-10-02,6,20,28,29,40,45
9/29/2017,2017-09-29,1,6,21,38,41,42
9/27/2017,2017-09-27,6,9,12,13,16,29
9/25/2017,2017-09-25,6,22,27,29,30,39
9/22/2017,2017-09-22,22,24,25,34,42,44
9/20/2017,2017-09-20,7,19,26,34,37,45
9/18/2017,2017-09-18,1,4,6,27,31,45
9/15/2017,2017-09-15,6,23,26,28,37,44
9/13/2017,2017-09-13,4,5,18,28,32,43
9/10/2017,2017-09-10,2,6,11,15,33,40
9/8/2017,2017-09-08,16,17,21,22,32,44
9/6/2017,2017-09-06,11,22,25,29,34,38
9/4/2017,2017-09-04,14,17,23,30,42,43
9/1/2017,2017-09-01,2,4,9,35,38,42
8/30/2017,2017-08-30,1,20,25,30,32,38
8/28/2017,2017-08-28,2,7,20,25,35,41
8/25/2017,2017-08-25,3,12,24,37,39,45
8/23/2017,2017-08-23,10,12,17,27,34,40
8/21/2017,2017-08-21,1,5,10,22,28,35
8/18/2017,2017-08-18,5,24,27,28,36,41
8/16/2017,2017-08-16,1,8,17,24,40,45
8/14/2017,2017-08-14,5,7,13,28,29,42
8/11/2017,2017-08-11,2,8,11,20,40,44
8/9/2017,2017-08-09,1,5,9,28,43,45
8/7/2017,2017-08-07,4,20,24,33,35,45
8/4/2017,2017-08-04,3,19,22,23,27,42
8/2/2017,2017-08-02,2,3,21,26,33,43
7/31/2017,2017-07-31,10,19,22,29,39,40
7/28/2017,2017-07-28,5,15,16,23,24,39
7/26/2017,2017-07-26,2,14,22,41,42,43
7/24/2017,2017-07-24,8,9,11,18,33,34
7/21/2017,2017-07-21,1,4,6,15,22,29
7/19/2017,2017-07-19,3,8,12,18,24,45
7/17/2017,2017-07-17,5,6,16,25,35,37
7/14/2017,2017-07-14,6,15,27,29,30,39
7/12/2017,2017-07-12,3,12,31,35,38,43
7/10/2017,2017-07-10,4,5,33,35,41,43
7/7/2017,2017-07-07,1,5,9,10,11,35
7/5/2017,2017-07-05,13,20,21,22,26,35
7/3/2017,2017-07-03,10,16,21,26,38,41
6/30/2017,2017-06-30,7,16,21,39,40,42
6/28/2017,2017-06-28,4,10,29,33,42,45
6/26/2017,2017-06-26,18,19,27,31,37,45
6/23/2017,2017-06-23,11,18,19,21,27,28
6/21/2017,2017-06-21,6,9,18,23,31,43
6/19/2017,2017-06-19,6,7,14,19,28,40
6/16/2017,2017-06-16,23,26,27,28,34,36
6/14/2017,2017-06-14,6,11,15,16,29,41
6/12/2017,2017-06-12,11,17,28,30,37,39
6/9/2017,2017-06-09,6,19,23,25,29,42
6/7/2017,2017-06-07,11,13,21,25,30,45
6/5/2017,2017-06-05,4,8,31,35,38,44
6/2/2017,2017-06-02,9,20,32,34,42,43
5/31/2017,2017-05-31,2,6,25,27,32,44
5/29/2017,2017-05-29,1,11,16,20,25,29
5/26/2017,2017-05-26,5,13,14,21,26,28
5/24/2017,2017-05-24,5,9,12,28,31,42
5/22/2017,2017-05-22,6,9,10,13,27,42
5/19/2017,2017-05-19,2,4,9,15,30,44
5/17/2017,2017-05-17,5,14,17,27,33,36
5/15/2017,2017-05-15,7,16,18,29,32,36
5/12/2017,2017-05-12,2,4,10,17,21,37
5/10/2017,2017-05-10,5,20,25,28,43,44
5/8/2017,2017-05-08,1,18,22,30,35,44
5/5/2017,2017-05-05,2,10,15,16,19,31
5/3/2017,2017-05-03,1,8,9,10,17,38
5/1/2017,2017-05-01,2,5,23,25,35,44
4/28/2017,2017-04-28,1,11,12,20,22,30
4/26/2017,2017-04-26,2,5,12,18,42,44
4/24/2017,2017-04-24,3,17,27,34,37,40
4/21/2017,2017-04-21,4,8,15,16,20,23
4/19/2017,2017-04-19,1,4,15,27,30,40
4/17/2017,2017-04-17,1,6,17,23,34,39
4/12/2017,2017-04-12,11,13,15,18,35,41
4/10/2017,2017-04-10,2,10,11,14,15,26
4/7/2017,2017-04-07,6,15,22,31,33,38
4/5/2017,2017-04-05,4,7,14,27,37,41
4/3/2017,2017-04-03,2,17,24,26,33,34
3/31/2017,2017-03-31,7,10,11,28,42,44
3/29/2017,2017-03-29,5,16,21,27,29,31
3/27/2017,2017-03-27,2,14,19,29,31,44
3/24/2017,2017-03-24,8,11,13,17,32,38
3/22/2017,2017-03-22,6,21,22,23,30,34
3/20/2017,2017-03-20,3,8,9,31,34,35
3/17/2017,2017-03-17,3,4,8,21,22,39
3/15/2017,2017-03-15,6,12,15,19,24,43
3/13/2017,2017-03-13,1,38,39,40,41,45
3/10/2017,2017-03-10,5,13,20,30,34,43
3/8/2017,2017-03-08,5,18,22,24,27,43
3/6/2017,2017-03-06,18,21,22,26,27,38
3/3/2017,2017-03-03,3,8,20,31,36,42
3/1/2017,2017-03-01,11,15,16,17,23,34
2/27/2017,2017-02-27,13,15,27,30,32,33
2/24/2017,2017-02-24,1,12,17,28,38,42
2/22/2017,2017-02-22,1,4,19,27,37,38
2/20/2017,2017-02-20,10,20,31,36,37,38
2/17/2017,2017-02-17,16,33,34,42,43,45
2/15/2017,2017-02-15,7,18,22,23,25,29
2/13/2017,2017-02-13,4,19,21,34,41,45
2/10/2017,2017-02-10,1,12,22,31,32,45
2/8/2017,2017-02-08,20,26,27,38,42,43
2/6/2017,2017-02-06,3,7,18,28,36,39
2/3/2017,2017-02-03,2,14,17,23,24,29
2/1/2017,2017-02-01,11,19,21,22,30,31
1/30/2017,2017-01-30,3,10,11,18,23,30
1/27/2017,2017-01-27,9,19,22,27,33,39
1/25/2017,2017-01-25,19,21,33,37,41,45
1/23/2017,2017-01-23,1,3,20,32,34,45
1/20/2017,2017-01-20,9,13,19,22,40,44
1/18/2017,2017-01-18,10,21,23,28,30,39
1/16/2017,2017-01-16,3,13,18,23,33,42
1/13/2017,2017-01-13,3,21,35,37,38,40
1/11/2017,2017-01-11,2,5,14,20,31,40
1/9/2017,2017-01-09,1,2,8,13,42,44
1/6/2017,2017-01-06,9,16,22,26,31,39
1/4/2017,2017-01-04,1,2,8,26,32,40
1/2/2017,2017-01-02,2,5,6,23,36,42
12/30/2016,2016-12-30,1,5,6,21,25,30
12/28/2016,2016-12-28,5,7,12,13,28,36
12/26/2016,2016-12-26,8,10,18,22,40,41
12/23/2016,2016-12-23,1,5,11,22,38,42
12/21/2016,2016-12-21,8,14,18,20,25,27
12/19/2016,2016-12-19,3,20,26,27,30,33
12/16/2016,2016-12-16,1,11,14,16,26,35
12/14/2016,2016-12-14,4,8,15,22,26,41
12/12/2016,2016-12-12,3,4,6,25,29,38
12/9/2016,2016-12-09,1,7,11,12,18,24
12/7/2016,2016-12-07,2,10,15,22,34,38
12/5/2016,2016-12-05,9,13,20,35,40,41
12/2/2016,2016-12-02,19,23,27,34,38,43
11/30/2016,2016-11-30,10,16,17,31,35,44
11/28/2016,2016-11-28,1,5,13,24,34,35
11/25/2016,2016-11-25,4,18,20,22,38,40
11/23/2016,2016-11-23,2,15,22,23,34,35
11/21/2016,2016-11-21,5,10,16,21,23,25
11/18/2016,2016-11-18,2,12,18,32,37,45
11/16/2016,2016-11-16,1,3,20,25,27,31
11/14/2016,2016-11-14,2,11,15,16,18,43
11/11/2016,2016-11-11,16,30,32,42,43,44
11/9/2016,2016-11-09,7,14,15,38,40,42
11/7/2016,2016-11-07,11,16,17,24,31,39
11/4/2016,2016-11-04,4,13,20,21,30,32
11/2/2016,2016-11-02,2,7,16,17,27,28
10/31/2016,2016-10-31,7,22,34,35,38,40
10/28/2016,2016-10-28,11,17,27,28,38,39
10/26/2016,2016-10-26,15,16,22,23,27,36
10/24/2016,2016-10-24,10,14,28,33,34,38
10/21/2016,2016-10-21,8,10,13,19,30,33
10/19/2016,2016-10-19,9,14,16,26,36,45
10/17/2016,2016-10-17,1,3,7,21,29,38
10/14/2016,2016-10-14,2,3,9,15,25,34
10/12/2016,2016-10-12,3,9,10,23,28,37
10/10/2016,2016-10-10,1,7,14,21,30,32
10/7/2016,2016-10-07,15,20,24,28,31,37
10/5/2016,2016-10-05,4,10,15,23,25,32
10/3/2016,2016-10-03,13,18,28,34,35,40
9/30/2016,2016-09-30,10,13,17,30,35,39
9/28/2016,2016-09-28,7,16,19,25,34,42
9/26/2016,2016-09-26,3,11,21,31,41,42
9/23/2016,2016-09-23,1,3,18,19,32,41
9/21/2016,2016-09-21,19,25,31,33,35,40
9/19/2016,2016-09-19,3,10,22,27,30,41
9/16/2016,2016-09-16,5,6,13,14,24,25
9/14/2016,2016-09-14,7,13,24,31,33,35
9/12/2016,2016-09-12,10,22,23,32,38,43
9/9/2016,2016-09-09,22,27,29,30,36,38
9/7/2016,2016-09-07,2,7,17,22,35,43
9/5/2016,2016-09-05,5,11,12,17,25,31
9/2/2016,2016-09-02,19,22,23,35,36,43
8/31/2016,2016-08-31,9,22,26,29,42,44
8/29/2016,2016-08-29,4,26,27,30,37,42
8/26/2016,2016-08-26,2,8,21,23,28,34
8/24/2016,2016-08-24,2,7,9,12,15,25
8/22/2016,2016-08-22,2,4,15,25,28,37
8/19/2016,2016-08-19,19,22,25,30,31,43
8/17/2016,2016-08-17,8,11,13,29,31,43
8/15/2016,2016-08-15,5,9,25,36,39,42
8/12/2016,2016-08-12,5,16,17,25,27,39
8/10/2016,2016-08-10,7,20,23,30,34,39
8/8/2016,2016-08-08,9,11,15,16,31,35
8/5/2016,2016-08-05,7,11,17,19,28,39
8/3/2016,2016-08-03,3,13,21,29,40,41
8/1/2016,2016-08-01,1,17,20,26,40,44
7/29/2016,2016-07-29,5,9,17,21,36,41
7/27/2016,2016-07-27,25,28,34,35,37,43
7/25/2016,2016-07-25,4,29,34,36,40,41
7/22/2016,2016-07-22,7,8,19,34,40,44
7/20/2016,2016-07-20,6,8,13,14,19,31
7/18/2016,2016-07-18,5,19,27,32,40,42
7/15/2016,2016-07-15,2,20,21,23,27,41
7/13/2016,2016-07-13,12,15,33,37,41,42
7/11/2016,2016-07-11,3,11,19,27,28,42
7/8/2016,2016-07-08,8,11,20,23,26,31
7/6/2016,2016-07-06,1,2,3,9,19,27
7/4/2016,2016-07-04,1,23,27,31,36,41
7/1/2016,2016-07-01,3,4,10,26,29,45
6/29/2016,2016-06-29,5,10,15,24,25,43
6/27/2016,2016-06-27,17,20,21,24,27,30
6/24/2016,2016-06-24,11,15,16,24,25,39
6/22/2016,2016-06-22,5,9,24,31,36,41
6/20/2016,2016-06-20,3,13,16,27,38,40
6/17/2016,2016-06-17,1,3,11,17,23,43
6/15/2016,2016-06-15,4,7,11,24,33,39
6/13/2016,2016-06-13,1,17,27,38,41,42
6/10/2016,2016-06-10,10,22,24,33,41,44
6/8/2016,2016-06-08,18,20,25,33,35,43
6/6/2016,2016-06-06,7,25,26,30,42,44
6/3/2016,2016-06-03,10,12,15,21,37,43
6/1/2016,2016-06-01,1,3,12,16,17,29
5/30/2016,2016-05-30,2,15,19,26,39,42
5/27/2016,2016-05-27,5,12,19,24,25,43
5/25/2016,2016-05-25,8,10,16,36,40,45
5/23/2016,2016-05-23,7,22,34,35,40,42
5/20/2016,2016-05-20,4,8,12,18,37,39
5/18/2016,2016-05-18,5,6,8,16,27,40
5/16/2016,2016-05-16,4,6,21,27,33,42
5/13/2016,2016-05-13,4,5,10,18,25,29
5/11/2016,2016-05-11,4,6,11,31,44,45
5/9/2016,2016-05-09,10,11,19,25,33,45
5/6/2016,2016-05-06,4,7,9,23,40,42
5/4/2016,2016-05-04,12,19,22,24,26,35
5/2/2016,2016-05-02,3,27,28,38,39,41
4/29/2016,2016-04-29,11,23,33,37,44,45
4/27/2016,2016-04-27,7,17,21,24,26,35
4/25/2016,2016-04-25,6,8,18,31,41,44
4/22/2016,2016-04-22,1,7,20,23,35,39
4/20/2016,2016-04-20,1,21,22,32,38,44
4/18/2016,2016-04-18,15,16,17,20,21,35
4/15/2016,2016-04-15,6,12,23,31,33,40
4/13/2016,2016-04-13,7,30,31,43,44,45
4/11/2016,2016-04-11,5,8,32,33,36,39
4/8/2016,2016-04-08,6,10,17,24,35,41
4/6/2016,2016-04-06,2,13,18,21,22,44
4/4/2016,2016-04-04,24,25,35,37,41,43
4/1/2016,2016-04-01,8,15,23,34,40,44
3/30/2016,2016-03-30,7,10,15,23,31,34
3/28/2016,2016-03-28,16,19,20,24,30,44
3/23/2016,2016-03-23,18,19,21,34,35,44
3/21/2016,2016-03-21,6,20,23,25,33,39
3/18/2016,2016-03-18,2,11,18,32,35,44
3/16/2016,2016-03-16,2,9,22,27,31,43
3/14/2016,2016-03-14,3,15,16,24,25,41
3/11/2016,2016-03-11,22,24,37,38,39,41
3/9/2016,2016-03-09,23,25,28,36,38,42
3/7/2016,2016-03-07,2,23,35,36,42,45
3/4/2016,2016-03-04,10,16,22,25,33,39
3/2/2016,2016-03-02,3,5,10,18,21,34
2/29/2016,2016-02-29,1,3,22,27,32,35
2/26/2016,2016-02-26,3,23,24,26,29,34
2/24/2016,2016-02-24,1,9,30,31,35,37
2/22/2016,2016-02-22,6,16,25,31,39,41
2/19/2016,2016-02-19,2,11,19,21,24,41
2/17/2016,2016-02-17,6,7,16,18,31,34
2/15/2016,2016-02-15,13,20,23,25,31,36
2/12/2016,2016-02-12,6,11,12,14,19,36
2/10/2016,2016-02-10,1,15,18,23,37,43
2/8/2016,2016-02-08,3,7,9,18,30,36
2/5/2016,2016-02-05,1,8,10,15,33,36
2/3/2016,2016-02-03,5,13,14,17,20,31
2/1/2016,2016-02-01,9,14,32,35,37,40
1/29/2016,2016-01-29,10,12,13,28,35,43
1/27/2016,2016-01-27,9,16,31,36,38,42
1/25/2016,2016-01-25,9,13,21,22,38,40
1/22/2016,2016-01-22,5,10,27,31,43,44
1/20/2016,2016-01-20,4,14,21,26,42,43
1/18/2016,2016-01-18,20,24,28,29,35,45
1/15/2016,2016-01-15,4,5,14,20,29,45
1/13/2016,2016-01-13,6,7,22,27,29,42
1/11/2016,2016-01-11,6,11,12,14,30,44
1/8/2016,2016-01-08,19,21,34,37,39,41
1/6/2016,2016-01-06,16,17,18,33,40,42
1/4/2016,2016-01-04,7,9,15,28,31,43
12/30/2015,2015-12-30,6,10,20,31,34,39
12/28/2015,2015-12-28,1,11,17,21,22,39
12/23/2015,2015-12-23,2,4,12,20,34,43
12/21/2015,2015-12-21,6,11,12,24,31,34
12/18/2015,2015-12-18,10,15,16,17,19,29
12/16/2015,2015-12-16,19,27,28,30,36,45
12/14/2015,2015-12-14,10,17,22,27,36,43
12/11/2015,2015-12-11,1,8,12,17,31,35
12/9/2015,2015-12-09,15,21,29,30,35,42
12/7/2015,2015-12-07,3,13,32,35,39,44
12/4/2015,2015-12-04,5,14,15,37,43,45
12/2/2015,2015-12-02,4,25,27,31,34,38
11/30/2015,2015-11-30,2,8,13,25,30,37
11/27/2015,2015-11-27,1,4,12,24,31,39
11/25/2015,2015-11-25,4,10,14,39,40,45
11/23/2015,2015-11-23,1,18,21,23,30,34
11/20/2015,2015-11-20,8,9,14,31,33,45
11/18/2015,2015-11-18,15,20,29,30,34,37
11/16/2015,2015-11-16,1,8,13,16,34,44
11/13/2015,2015-11-13,2,24,25,29,30,38
11/11/2015,2015-11-11,5,25,27,37,39,44
11/9/2015,2015-11-09,6,14,23,27,32,36
11/6/2015,2015-11-06,2,17,25,29,36,37
11/4/2015,2015-11-04,7,24,26,31,38,41
11/2/2015,2015-11-02,2,4,14,15,44,45
10/30/2015,2015-10-30,2,3,5,26,31,43
10/28/2015,2015-10-28,5,11,17,31,35,39
10/26/2015,2015-10-26,9,12,15,22,32,45
10/23/2015,2015-10-23,2,6,8,23,29,34
10/21/2015,2015-10-21,17,18,28,34,36,37
10/19/2015,2015-10-19,10,13,14,16,22,26
10/16/2015,2015-10-16,5,14,22,32,36,38
10/14/2015,2015-10-14,5,15,24,25,29,36
10/12/2015,2015-10-12,1,6,11,18,28,38
10/9/2015,2015-10-09,7,9,12,20,21,25
10/7/2015,2015-10-07,12,18,19,27,35,41
10/5/2015,2015-10-05,2,5,14,25,39,45
10/2/2015,2015-10-02,3,4,6,16,26,38
9/30/2015,2015-09-30,17,27,28,39,40,43
9/28/2015,2015-09-28,6,9,10,16,34,39
9/25/2015,2015-09-25,6,16,18,19,27,43
9/23/2015,2015-09-23,9,14,21,25,29,45
9/21/2015,2015-09-21,6,7,19,22,30,31
9/18/2015,2015-09-18,19,24,26,38,39,41
9/16/2015,2015-09-16,2,21,38,39,40,43
9/14/2015,2015-09-14,2,12,26,27,41,44
9/11/2015,2015-09-11,13,24,25,29,34,44
9/9/2015,2015-09-09,8,22,24,27,33,35
9/7/2015,2015-09-07,7,14,18,24,30,39
9/4/2015,2015-09-04,9,12,16,26,30,39
9/2/2015,2015-09-02,1,4,7,13,15,38
8/31/2015,2015-08-31,6,7,25,32,38,44
8/28/2015,2015-08-28,3,6,20,23,42,45
8/26/2015,2015-08-26,5,14,16,31,34,35
8/24/2015,2015-08-24,7,8,10,11,12,23
8/21/2015,2015-08-21,2,16,27,37,38,40
8/19/2015,2015-08-19,1,7,14,28,44,45
8/17/2015,2015-08-17,11,19,29,37,39,41
8/14/2015,2015-08-14,7,9,16,27,29,33
8/12/2015,2015-08-12,10,12,21,30,38,40
8/10/2015,2015-08-10,3,4,5,33,34,43
8/7/2015,2015-08-07,8,18,25,28,39,42
8/5/2015,2015-08-05,17,22,30,41,43,44
8/3/2015,2015-08-03,26,32,36,37,40,42
7/31/2015,2015-07-31,9,10,20,27,32,43
7/29/2015,2015-07-29,8,21,26,30,34,43
7/27/2015,2015-07-27,1,2,5,6,10,20
7/24/2015,2015-07-24,1,22,30,31,32,44
7/22/2015,2015-07-22,5,13,16,31,38,44
7/20/2015,2015-07-20,9,25,26,28,29,42
7/17/2015,2015-07-17,2,8,9,18,35,38
7/15/2015,2015-07-15,1,3,27,29,30,32
7/13/2015,2015-07-13,3,10,11,15,26,43
7/10/2015,2015-07-10,2,8,18,24,30,45
7/8/2015,2015-07-08,13,25,29,38,43,45
7/6/2015,2015-07-06,2,10,14,22,35,43
7/3/2015,2015-07-03,8,13,17,22,34,38
7/1/2015,2015-07-01,24,27,29,31,38,42
6/29/2015,2015-06-29,4,10,25,31,36,39
6/26/2015,2015-06-26,1,4,5,11,21,26
6/24/2015,2015-06-24,11,12,15,26,28,31
6/22/2015,2015-06-22,1,7,12,19,23,43
6/19/2015,2015-06-19,3,7,8,20,27,45
6/17/2015,2015-06-17,3,14,21,25,36,45
6/15/2015,2015-06-15,19,21,25,31,33,41
6/12/2015,2015-06-12,3,5,25,29,35,41
6/10/2015,2015-06-10,2,7,11,30,33,40
6/8/2015,2015-06-08,1,14,24,27,34,36
6/5/2015,2015-06-05,6,30,35,37,39,41
6/3/2015,2015-06-03,3,8,14,17,20,34
6/1/2015,2015-06-01,5,15,23,24,32,38
5/29/2015,2015-05-29,11,12,26,27,39,44
5/27/2015,2015-05-27,2,6,13,21,28,31
5/25/2015,2015-05-25,2,8,10,22,27,29
5/22/2015,2015-05-22,7,8,18,19,27,28
5/20/2015,2015-05-20,7,11,14,23,26,43
5/18/2015,2015-05-18,4,11,13,33,41,43
5/15/2015,2015-05-15,5,6,9,33,36,44
5/13/2015,2015-05-13,8,12,17,21,24,27
5/11/2015,2015-05-11,2,23,26,33,36,39
5/8/2015,2015-05-08,2,5,8,22,28,40
5/6/2015,2015-05-06,1,7,9,11,19,24
5/4/2015,2015-05-04,5,11,13,17,20,44
5/1/2015,2015-05-01,1,8,21,31,34,37
4/29/2015,2015-04-29,5,12,14,20,24,42
4/27/2015,2015-04-27,11,15,17,28,29,45
4/24/2015,2015-04-24,10,16,19,20,31,39
4/22/2015,2015-04-22,9,15,21,26,34,45
4/20/2015,2015-04-20,2,3,8,25,29,39
4/17/2015,2015-04-17,4,5,13,16,30,39
4/15/2015,2015-04-15,5,11,16,33,34,41
4/13/2015,2015-04-13,2,8,11,27,29,36
4/10/2015,2015-04-10,14,16,20,26,39,45
4/8/2015,2015-04-08,3,13,14,20,24,39
4/6/2015,2015-04-06,12,15,16,17,27,28
4/1/2015,2015-04-01,1,8,25,34,38,44
3/30/2015,2015-03-30,19,24,27,34,41,42
3/27/2015,2015-03-27,2,10,11,16,27,30
3/25/2015,2015-03-25,1,7,12,31,41,45
3/23/2015,2015-03-23,5,8,10,11,30,35
3/20/2015,2015-03-20,2,3,14,22,29,30
3/18/2015,2015-03-18,2,12,13,17,33,40
3/16/2015,2015-03-16,6,21,26,39,43,45
3/13/2015,2015-03-13,3,5,39,40,42,45
3/11/2015,2015-03-11,6,13,17,24,29,45
3/9/2015,2015-03-09,4,18,21,23,25,44
3/6/2015,2015-03-06,7,11,13,16,18,29
3/4/2015,2015-03-04,3,10,16,28,34,38
3/2/2015,2015-03-02,2,4,25,37,41,44
2/27/2015,2015-02-27,2,3,7,14,33,37
2/25/2015,2015-02-25,12,18,21,23,39,43
2/23/2015,2015-02-23,6,13,19,26,37,41
2/20/2015,2015-02-20,1,9,15,30,37,41
2/18/2015,2015-02-18,5,11,17,22,31,45
2/16/2015,2015-02-16,6,17,23,31,41,42
2/13/2015,2015-02-13,5,12,18,21,36,38
2/11/2015,2015-02-11,7,10,11,17,26,29
2/9/2015,2015-02-09,7,11,12,13,32,35
2/6/2015,2015-02-06,4,6,13,31,41,44
2/4/2015,2015-02-04,1,6,10,25,34,43
2/2/2015,2015-02-02,4,12,13,15,19,29
1/30/2015,2015-01-30,5,23,28,30,34,44
1/28/2015,2015-01-28,8,9,11,25,41,45
1/26/2015,2015-01-26,8,20,33,37,38,44
1/23/2015,2015-01-23,11,14,18,32,37,38
1/21/2015,2015-01-21,5,11,15,28,30,40
1/19/2015,2015-01-19,7,23,28,37,42,43
1/16/2015,2015-01-16,2,8,17,20,21,42
1/14/2015,2015-01-14,9,12,25,28,35,45
1/12/2015,2015-01-12,12,14,19,31,40,42
1/9/2015,2015-01-09,12,18,24,28,31,32
1/7/2015,2015-01-07,7,19,24,25,40,45
1/5/2015,2015-01-05,4,29,31,40,41,45
1/2/2015,2015-01-02,8,27,31,33,35,43
12/31/2014,2014-12-31,21,26,32,33,39,45
12/29/2014,2014-12-29,1,8,9,19,29,36
12/26/2014,2014-12-26,1,14,19,22,27,36
12/24/2014,2014-12-24,2,5,8,15,22,44
12/22/2014,2014-12-22,1,3,12,26,33,37
12/19/2014,2014-12-19,3,4,13,27,35,41
12/17/2014,2014-12-17,18,23,33,37,41,43
12/15/2014,2014-12-15,1,4,16,18,20,31
12/12/2014,2014-12-12,4,12,18,23,30,33
12/10/2014,2014-12-10,7,13,22,25,29,35
12/8/2014,2014-12-08,8,9,13,17,27,28
12/5/2014,2014-12-05,17,19,22,28,29,44
12/3/2014,2014-12-03,5,9,11,14,23,28
12/1/2014,2014-12-01,1,17,18,31,36,41
11/28/2014,2014-11-28,3,5,7,26,28,36
11/26/2014,2014-11-26,10,14,18,22,24,30
11/24/2014,2014-11-24,2,15,16,34,40,41
11/21/2014,2014-11-21,3,9,10,18,21,35
11/19/2014,2014-11-19,16,27,29,30,35,45
11/17/2014,2014-11-17,5,8,31,36,40,43
11/14/2014,2014-11-14,17,28,34,36,39,44
11/12/2014,2014-11-12,1,5,10,27,30,44
11/10/2014,2014-11-10,2,17,23,26,36,44
11/7/2014,2014-11-07,11,12,19,28,38,40
11/5/2014,2014-11-05,2,12,24,25,43,44
11/3/2014,2014-11-03,3,21,26,28,41,42
10/31/2014,2014-10-31,21,24,35,36,37,43
10/29/2014,2014-10-29,1,6,19,28,35,40
10/27/2014,2014-10-27,4,8,19,33,34,40
10/24/2014,2014-10-24,2,3,7,11,18,31
10/22/2014,2014-10-22,5,17,21,24,33,40
10/20/2014,2014-10-20,5,7,8,16,29,33
10/17/2014,2014-10-17,13,21,28,30,31,43
10/15/2014,2014-10-15,1,3,12,26,34,37
10/13/2014,2014-10-13,5,7,26,27,30,44
10/10/2014,2014-10-10,6,9,24,28,30,32
10/8/2014,2014-10-08,5,6,8,16,17,40
10/6/2014,2014-10-06,5,13,16,24,29,45
10/3/2014,2014-10-03,1,10,17,21,38,41
10/1/2014,2014-10-01,4,6,14,25,30,37
9/29/2014,2014-09-29,3,5,21,31,40,42
9/26/2014,2014-09-26,2,6,19,21,42,43
9/24/2014,2014-09-24,6,15,24,33,34,40
9/22/2014,2014-09-22,10,14,15,19,28,29
9/19/2014,2014-09-19,1,10,26,33,37,42
9/17/2014,2014-09-17,11,12,20,23,30,33
9/15/2014,2014-09-15,13,19,24,30,34,42
9/12/2014,2014-09-12,5,6,8,20,21,27
9/10/2014,2014-09-10,1,2,9,12,25,43
9/8/2014,2014-09-08,2,15,24,29,37,41
9/5/2014,2014-09-05,15,18,22,28,42,44
9/3/2014,2014-09-03,13,19,25,30,34,41
9/1/2014,2014-09-01,19,20,30,35,41,44
8/29/2014,2014-08-29,10,18,20,38,41,45
8/27/2014,2014-08-27,19,28,29,34,35,43
8/25/2014,2014-08-25,22,28,33,34,37,38
8/22/2014,2014-08-22,1,2,13,33,37,45
8/20/2014,2014-08-20,21,22,36,37,39,45
8/18/2014,2014-08-18,4,12,26,28,42,43
8/15/2014,2014-08-15,4,20,34,35,42,44
8/13/2014,2014-08-13,4,19,28,34,38,45
8/11/2014,2014-08-11,9,10,11,31,32,42
8/8/2014,2014-08-08,10,11,12,29,35,41
8/6/2014,2014-08-06,7,17,21,22,41,44
8/4/2014,2014-08-04,1,2,16,17,18,44
8/1/2014,2014-08-01,28,29,36,37,40,45
7/30/2014,2014-07-30,23,29,35,36,43,44
7/28/2014,2014-07-28,13,18,23,26,33,42
7/25/2014,2014-07-25,2,4,5,25,29,33
7/23/2014,2014-07-23,5,12,14,16,33,44
7/21/2014,2014-07-21,7,8,15,20,27,38
7/18/2014,2014-07-18,2,24,25,29,33,36
7/16/2014,2014-07-16,1,11,14,26,43,44
7/14/2014,2014-07-14,7,9,19,24,35,43
7/11/2014,2014-07-11,10,17,35,40,41,44
7/9/2014,2014-07-09,12,19,34,40,42,43
7/7/2014,2014-07-07,1,6,7,21,23,31
7/4/2014,2014-07-04,5,11,12,35,37,39
7/2/2014,2014-07-02,6,17,20,31,34,42
6/30/2014,2014-06-30,5,8,18,19,28,43
6/27/2014,2014-06-27,8,9,17,19,30,36
6/25/2014,2014-06-25,4,5,23,28,38,45
6/23/2014,2014-06-23,3,12,16,19,41,45
6/20/2014,2014-06-20,1,17,19,23,31,37
6/18/2014,2014-06-18,8,12,17,18,24,45
6/16/2014,2014-06-16,9,19,20,29,34,41
6/13/2014,2014-06-13,1,4,13,21,39,45
6/11/2014,2014-06-11,4,18,20,33,35,38
6/9/2014,2014-06-09,19,22,30,31,35,40
6/6/2014,2014-06-06,19,25,28,31,38,39
6/4/2014,2014-06-04,2,4,8,19,29,36
6/2/2014,2014-06-02,2,16,17,21,25,37
5/30/2014,2014-05-30,15,23,27,37,39,44
5/28/2014,2014-05-28,3,4,29,31,32,37
5/26/2014,2014-05-26,10,14,20,21,25,28
5/23/2014,2014-05-23,7,14,21,27,31,42
5/21/2014,2014-05-21,4,16,24,34,40,44
5/19/2014,2014-05-19,17,18,20,34,38,43
5/16/2014,2014-05-16,5,9,10,19,23,37
5/14/2014,2014-05-14,4,9,28,29,35,44
5/12/2014,2014-05-12,16,18,26,31,36,37
5/9/2014,2014-05-09,11,19,26,28,40,42
5/7/2014,2014-05-07,12,18,28,33,37,39
5/5/2014,2014-05-05,8,14,17,34,36,41
5/2/2014,2014-05-02,9,11,28,38,41,44
4/30/2014,2014-04-30,6,15,16,22,24,26
4/28/2014,2014-04-28,17,19,21,32,39,43
4/25/2014,2014-04-25,1,7,15,18,22,31
4/23/2014,2014-04-23,5,13,15,27,34,40
4/21/2014,2014-04-21,31,36,37,38,41,45
4/16/2014,2014-04-16,5,6,22,33,36,40
4/14/2014,2014-04-14,6,10,12,16,18,30
4/11/2014,2014-04-11,6,15,28,42,43,44
4/9/2014,2014-04-09,2,7,12,20,36,39
4/7/2014,2014-04-07,3,14,19,26,31,45
4/4/2014,2014-04-04,3,5,8,23,27,36
4/2/2014,2014-04-02,7,11,13,19,24,34
3/31/2014,2014-03-31,14,18,22,27,38,39
3/28/2014,2014-03-28,11,14,21,26,27,45
3/26/2014,2014-03-26,15,21,31,32,34,44
3/24/2014,2014-03-24,9,11,15,19,31,45
3/21/2014,2014-03-21,11,15,21,29,35,37
3/19/2014,2014-03-19,4,12,19,28,39,41
3/17/2014,2014-03-17,3,4,15,25,27,39
3/14/2014,2014-03-14,5,7,16,32,39,44
3/12/2014,2014-03-12,2,7,8,15,21,32
3/10/2014,2014-03-10,8,20,23,27,34,44
3/7/2014,2014-03-07,5,19,24,28,34,36
3/5/2014,2014-03-05,3,25,33,34,43,44
3/3/2014,2014-03-03,4,7,8,18,25,36
2/28/2014,2014-02-28,7,16,17,19,29,44
2/26/2014,2014-02-26,7,14,23,27,31,37
2/24/2014,2014-02-24,4,9,10,20,37,42
2/21/2014,2014-02-21,3,8,31,40,42,43
2/19/2014,2014-02-19,6,14,16,28,42,44
2/17/2014,2014-02-17,12,14,15,16,23,37
2/14/2014,2014-02-14,2,10,14,31,33,38
2/12/2014,2014-02-12,1,4,18,23,25,39
2/10/2014,2014-02-10,13,15,18,22,28,41
2/7/2014,2014-02-07,3,6,18,23,29,43
2/5/2014,2014-02-05,1,11,17,21,38,44
2/3/2014,2014-02-03,4,7,9,30,32,39
1/31/2014,2014-01-31,7,14,16,19,32,38
1/29/2014,2014-01-29,2,15,17,20,39,45
1/27/2014,2014-01-27,2,6,8,15,33,36
1/24/2014,2014-01-24,3,9,18,22,39,41
1/22/2014,2014-01-22,13,23,24,31,34,37
1/20/2014,2014-01-20,5,7,16,28,30,41
1/17/2014,2014-01-17,13,17,26,35,43,45
1/15/2014,2014-01-15,10,13,20,28,38,40
1/13/2014,2014-01-13,11,21,25,29,32,34
1/10/2014,2014-01-10,2,23,25,34,35,44
1/8/2014,2014-01-08,4,12,16,19,22,36
1/6/2014,2014-01-06,1,4,24,33,34,39
1/3/2014,2014-01-03,19,24,30,33,34,39
12/30/2013,2013-12-30,1,2,11,26,29,41
12/27/2013,2013-12-27,15,21,26,27,29,45
12/23/2013,2013-12-23,6,9,24,32,34,36
12/20/2013,2013-12-20,2,22,26,28,38,42
12/18/2013,2013-12-18,1,5,19,21,40,42
12/16/2013,2013-12-16,2,22,23,25,26,44
12/13/2013,2013-12-13,19,27,34,35,38,45
12/11/2013,2013-12-11,5,6,23,31,34,43
12/9/2013,2013-12-09,2,4,24,28,42,43
12/6/2013,2013-12-06,19,21,34,35,38,44
12/4/2013,2013-12-04,18,24,26,28,32,37
12/2/2013,2013-12-02,2,5,13,20,22,43
11/29/2013,2013-11-29,4,6,31,33,37,45
11/27/2013,2013-11-27,3,15,16,37,38,43
11/25/2013,2013-11-25,3,5,6,34,37,42
11/22/2013,2013-11-22,6,10,29,32,37,40
11/20/2013,2013-11-20,7,8,20,25,32,44
11/18/2013,2013-11-18,10,17,21,26,28,30
11/15/2013,2013-11-15,1,7,16,23,25,45
11/13/2013,2013-11-13,7,8,10,20,30,45
11/11/2013,2013-11-11,4,19,24,31,33,36
11/8/2013,2013-11-08,4,8,11,16,27,29
11/6/2013,2013-11-06,1,12,25,27,28,37
11/4/2013,2013-11-04,7,11,23,24,25,38
11/1/2013,2013-11-01,1,4,8,10,29,31
10/30/2013,2013-10-30,16,20,24,33,37,45
10/28/2013,2013-10-28,10,17,18,33,44,45
10/25/2013,2013-10-25,1,6,9,14,20,30
10/23/2013,2013-10-23,4,12,26,31,34,44
10/21/2013,2013-10-21,4,11,12,26,29,38
10/18/2013,2013-10-18,12,17,18,28,29,43
10/16/2013,2013-10-16,1,6,9,35,36,41
10/14/2013,2013-10-14,1,5,13,15,31,41
10/11/2013,2013-10-11,11,15,20,25,26,41
10/9/2013,2013-10-09,13,19,21,31,42,44
10/7/2013,2013-10-07,8,13,16,20,26,39
10/4/2013,2013-10-04,2,8,12,14,39,42
10/2/2013,2013-10-02,21,25,26,30,33,45
9/30/2013,2013-09-30,11,22,23,24,42,45
9/27/2013,2013-09-27,5,10,23,26,28,45
9/25/2013,2013-09-25,12,17,18,27,29,44
9/23/2013,2013-09-23,1,16,29,34,40,45
9/20/2013,2013-09-20,2,9,13,31,33,36
9/18/2013,2013-09-18,2,12,16,17,19,31
9/16/2013,2013-09-16,6,11,19,27,29,34
9/13/2013,2013-09-13,1,13,16,19,22,39
9/11/2013,2013-09-11,1,2,4,8,24,42
9/9/2013,2013-09-09,1,23,25,33,37,43
9/6/2013,2013-09-06,1,26,31,33,37,44
9/4/2013,2013-09-04,7,8,11,31,34,36
9/2/2013,2013-09-02,1,5,11,13,21,33
8/30/2013,2013-08-30,8,10,17,18,37,39
8/28/2013,2013-08-28,11,15,27,28,30,39
8/26/2013,2013-08-26,2,4,9,15,27,39
8/23/2013,2013-08-23,13,15,18,26,29,34
8/21/2013,2013-08-21,6,7,13,15,19,33
8/19/2013,2013-08-19,6,9,14,24,28,40
8/16/2013,2013-08-16,9,16,18,24,33,45
8/14/2013,2013-08-14,11,19,23,32,37,41
8/12/2013,2013-08-12,7,12,26,30,32,44
8/9/2013,2013-08-09,10,22,23,28,34,42
8/7/2013,2013-08-07,4,9,27,33,41,44
8/5/2013,2013-08-05,2,8,10,15,23,35
8/2/2013,2013-08-02,13,23,26,33,40,42
7/31/2013,2013-07-31,4,11,13,33,39,43
7/29/2013,2013-07-29,5,13,16,21,23,31
7/26/2013,2013-07-26,4,12,29,33,36,37
7/24/2013,2013-07-24,4,7,15,21,39,41
7/22/2013,2013-07-22,6,10,11,38,41,42
7/19/2013,2013-07-19,10,15,31,32,33,38
7/17/2013,2013-07-17,11,19,20,24,25,33
7/15/2013,2013-07-15,4,5,12,18,19,27
7/12/2013,2013-07-12,6,9,11,24,34,45
7/10/2013,2013-07-10,3,9,17,21,41,45
7/8/2013,2013-07-08,3,17,21,24,38,39
7/5/2013,2013-07-05,1,17,27,28,29,38
7/3/2013,2013-07-03,7,17,23,26,32,40
7/1/2013,2013-07-01,6,11,15,23,40,45
6/28/2013,2013-06-28,1,18,19,20,32,42
6/26/2013,2013-06-26,16,17,18,21,37,38
6/24/2013,2013-06-24,12,22,23,28,29,41
6/21/2013,2013-06-21,7,15,20,26,30,45
6/19/2013,2013-06-19,16,18,24,25,37,41
6/17/2013,2013-06-17,3,5,27,34,38,42
6/14/2013,2013-06-14,2,4,5,24,27,41
6/12/2013,2013-06-12,20,23,25,26,37,40
6/10/2013,2013-06-10,3,4,12,30,35,39
6/7/2013,2013-06-07,4,7,28,31,34,43
6/5/2013,2013-06-05,1,7,10,17,25,26
6/3/2013,2013-06-03,4,16,20,21,31,45
5/31/2013,2013-05-31,5,6,10,11,39,40
5/29/2013,2013-05-29,15,17,24,31,35,44
5/27/2013,2013-05-27,3,4,7,15,21,39
5/24/2013,2013-05-24,4,26,36,38,39,44
5/22/2013,2013-05-22,4,30,31,38,41,44
5/20/2013,2013-05-20,7,10,19,21,22,28
5/17/2013,2013-05-17,2,4,17,23,33,41
5/15/2013,2013-05-15,4,12,21,29,31,37
5/13/2013,2013-05-13,7,24,31,33,37,42
5/10/2013,2013-05-10,2,3,22,24,27,30
5/8/2013,2013-05-08,8,19,23,29,39,42
5/6/2013,2013-05-06,30,33,35,36,42,45
5/3/2013,2013-05-03,3,4,16,18,25,39
5/1/2013,2013-05-01,12,21,31,32,36,37
4/29/2013,2013-04-29,9,14,17,21,34,37
4/26/2013,2013-04-26,1,9,21,22,39,40
4/24/2013,2013-04-24,19,26,30,31,37,41
4/22/2013,2013-04-22,1,9,13,15,37,44
4/19/2013,2013-04-19,13,25,30,31,38,39
4/17/2013,2013-04-17,2,7,27,30,33,45
4/15/2013,2013-04-15,18,26,30,41,42,44
4/12/2013,2013-04-12,2,15,16,29,35,36
4/10/2013,2013-04-10,3,22,35,36,39,45
4/8/2013,2013-04-08,5,20,22,27,33,40
4/5/2013,2013-04-05,1,12,29,32,40,41
4/3/2013,2013-04-03,13,20,22,23,25,35
4/1/2013,2013-04-01,27,28,34,37,42,43
3/27/2013,2013-03-27,6,7,15,24,31,40
3/25/2013,2013-03-25,2,13,16,33,36,44
3/22/2013,2013-03-22,14,23,24,26,33,35
3/20/2013,2013-03-20,16,21,24,29,41,45
3/18/2013,2013-03-18,3,8,11,16,21,29
3/15/2013,2013-03-15,7,21,28,34,35,39
3/13/2013,2013-03-13,11,13,17,27,32,34
3/11/2013,2013-03-11,7,8,13,20,28,34
3/8/2013,2013-03-08,3,4,8,14,17,23
3/6/2013,2013-03-06,8,16,18,22,41,45
3/4/2013,2013-03-04,6,10,30,35,37,38
3/1/2013,2013-03-01,13,16,17,35,37,42
2/27/2013,2013-02-27,2,28,30,31,33,34
2/25/2013,2013-02-25,9,14,17,27,30,31
2/22/2013,2013-02-22,4,9,15,35,37,41
2/20/2013,2013-02-20,3,6,26,28,35,41
2/18/2013,2013-02-18,3,9,13,16,17,27
2/15/2013,2013-02-15,8,17,22,24,39,40
2/13/2013,2013-02-13,1,17,24,25,33,39
2/11/2013,2013-02-11,2,3,7,11,20,44
2/8/2013,2013-02-08,9,14,16,25,32,33
2/6/2013,2013-02-06,6,19,22,32,39,41
2/4/2013,2013-02-04,2,14,26,32,41,45
2/1/2013,2013-02-01,14,22,26,40,42,45
1/30/2013,2013-01-30,8,15,19,20,21,23
1/28/2013,2013-01-28,3,15,17,23,37,44
1/25/2013,2013-01-25,6,19,27,29,34,45
1/23/2013,2013-01-23,12,18,19,21,38,43
1/21/2013,2013-01-21,2,11,24,25,34,40
1/18/2013,2013-01-18,5,16,17,25,28,38
1/16/2013,2013-01-16,11,15,28,31,34,45
1/14/2013,2013-01-14,7,15,19,28,33,42
1/11/2013,2013-01-11,16,23,24,30,34,36
1/9/2013,2013-01-09,2,22,27,35,41,45
1/7/2013,2013-01-07,4,15,21,22,38,44
1/4/2013,2013-01-04,9,19,28,33,34,45
1/2/2013,2013-01-02,1,6,8,38,41,44
12/31/2012,2012-12-31,1,5,8,13,17,23
12/28/2012,2012-12-28,3,10,13,19,22,31
12/26/2012,2012-12-26,2,7,10,11,30,38
12/24/2012,2012-12-24,1,2,3,10,24,35
12/21/2012,2012-12-21,17,26,27,28,29,35
12/19/2012,2012-12-19,6,10,14,17,22,26
12/17/2012,2012-12-17,21,22,29,31,38,39
12/14/2012,2012-12-14,6,19,21,22,26,39
12/12/2012,2012-12-12,1,22,24,25,28,37
12/10/2012,2012-12-10,6,11,23,25,36,43
12/7/2012,2012-12-07,10,15,20,28,29,37
12/5/2012,2012-12-05,4,9,12,20,38,41
12/3/2012,2012-12-03,3,4,9,14,18,26
11/30/2012,2012-11-30,4,23,31,33,35,45
11/28/2012,2012-11-28,8,12,14,20,21,22
11/26/2012,2012-11-26,2,8,19,26,27,34
11/23/2012,2012-11-23,1,8,13,27,30,36
11/21/2012,2012-11-21,13,14,20,37,44,45
11/19/2012,2012-11-19,22,25,33,34,36,40
11/16/2012,2012-11-16,12,22,32,33,35,36
11/14/2012,2012-11-14,7,8,12,19,26,35
11/12/2012,2012-11-12,4,16,21,36,41,42
11/9/2012,2012-11-09,7,16,28,33,36,40
11/7/2012,2012-11-07,8,15,26,29,43,44
11/5/2012,2012-11-05,2,13,24,27,44,45
11/2/2012,2012-11-02,1,9,15,27,32,37
10/31/2012,2012-10-31,1,17,20,21,32,44
10/29/2012,2012-10-29,4,10,31,32,35,39
10/26/2012,2012-10-26,5,12,24,27,32,39
10/24/2012,2012-10-24,10,14,18,25,27,36
10/22/2012,2012-10-22,6,7,9,25,29,37
10/19/2012,2012-10-19,1,2,17,22,27,33
10/17/2012,2012-10-17,2,18,25,27,28,31
10/15/2012,2012-10-15,26,33,36,39,40,42
10/12/2012,2012-10-12,7,9,10,16,28,30
10/10/2012,2012-10-10,10,12,17,23,31,42
10/8/2012,2012-10-08,12,17,19,34,40,41
10/5/2012,2012-10-05,3,6,7,25,44,45
10/3/2012,2012-10-03,2,5,12,13,23,36
10/1/2012,2012-10-01,7,14,20,33,35,42
9/28/2012,2012-09-28,19,27,32,41,43,44
9/26/2012,2012-09-26,4,6,16,19,34,45
9/24/2012,2012-09-24,3,10,13,17,22,35
9/21/2012,2012-09-21,7,10,14,17,26,45
9/19/2012,2012-09-19,1,3,10,12,31,42
9/17/2012,2012-09-17,7,15,18,19,34,40
9/14/2012,2012-09-14,5,6,25,26,30,43
9/12/2012,2012-09-12,2,9,18,27,32,34
9/10/2012,2012-09-10,2,13,17,19,26,37
9/7/2012,2012-09-07,6,22,27,32,38,43
9/5/2012,2012-09-05,6,9,14,17,25,42
9/3/2012,2012-09-03,6,11,27,32,35,38
8/31/2012,2012-08-31,2,10,14,24,33,45
8/29/2012,2012-08-29,3,12,25,33,34,42
8/27/2012,2012-08-27,5,10,14,24,25,36
8/24/2012,2012-08-24,10,29,30,31,37,38
8/22/2012,2012-08-22,10,17,19,20,28,31
8/20/2012,2012-08-20,5,13,21,22,27,30
8/17/2012,2012-08-17,1,4,8,33,37,44
8/15/2012,2012-08-15,12,15,19,40,41,45
8/13/2012,2012-08-13,12,13,16,27,29,38
8/10/2012,2012-08-10,1,15,16,34,39,43
8/8/2012,2012-08-08,14,15,16,17,20,34
8/6/2012,2012-08-06,2,5,21,27,34,42
8/3/2012,2012-08-03,1,10,16,31,40,41
8/1/2012,2012-08-01,5,14,17,19,36,37
7/30/2012,2012-07-30,13,19,21,41,42,44
7/27/2012,2012-07-27,8,10,14,15,23,39
7/25/2012,2012-07-25,4,5,8,12,19,27
7/23/2012,2012-07-23,7,12,23,27,29,34
7/20/2012,2012-07-20,5,30,33,36,37,44
7/18/2012,2012-07-18,2,4,9,18,27,28
7/16/2012,2012-07-16,3,16,22,27,34,35
7/13/2012,2012-07-13,23,25,27,29,31,43
7/11/2012,2012-07-11,2,7,10,23,33,36
7/9/2012,2012-07-09,5,6,19,21,26,32
7/6/2012,2012-07-06,4,11,20,43,44,45
7/4/2012,2012-07-04,2,17,30,32,37,43
7/2/2012,2012-07-02,6,11,22,25,30,35
6/29/2012,2012-06-29,13,18,19,22,26,37
6/27/2012,2012-06-27,8,13,23,32,36,41
6/25/2012,2012-06-25,2,4,10,15,23,37
6/22/2012,2012-06-22,13,18,23,26,28,43
6/20/2012,2012-06-20,18,20,29,32,37,44
6/18/2012,2012-06-18,2,3,5,7,35,45
6/15/2012,2012-06-15,1,3,13,15,28,36
6/13/2012,2012-06-13,14,16,17,21,24,38
6/11/2012,2012-06-11,7,12,18,32,36,41
6/8/2012,2012-06-08,11,12,15,19,34,36
6/6/2012,2012-06-06,12,28,32,34,40,45
6/4/2012,2012-06-04,12,14,19,31,37,38
6/1/2012,2012-06-01,4,16,17,28,33,38
5/30/2012,2012-05-30,17,30,37,40,42,45
5/28/2012,2012-05-28,19,22,26,27,31,32
5/25/2012,2012-05-25,9,13,16,25,30,38
5/23/2012,2012-05-23,3,17,27,29,30,32
5/21/2012,2012-05-21,1,15,22,23,27,33
5/18/2012,2012-05-18,3,16,17,18,20,31
5/16/2012,2012-05-16,13,34,37,39,41,44
5/14/2012,2012-05-14,7,11,18,26,32,38
5/11/2012,2012-05-11,3,10,17,26,30,38
5/9/2012,2012-05-09,1,4,5,9,21,28
5/7/2012,2012-05-07,10,16,20,24,38,42
5/4/2012,2012-05-04,1,5,19,24,30,41
5/2/2012,2012-05-02,4,13,14,27,28,44
4/30/2012,2012-04-30,7,20,25,34,36,37
4/27/2012,2012-04-27,1,5,8,15,32,40
4/25/2012,2012-04-25,7,14,20,27,38,44
4/23/2012,2012-04-23,7,9,13,21,32,37
4/20/2012,2012-04-20,14,30,34,36,38,41
4/18/2012,2012-04-18,11,15,25,33,40,41
4/16/2012,2012-04-16,3,5,6,22,39,45
4/13/2012,2012-04-13,12,17,25,28,33,43
4/11/2012,2012-04-11,28,29,32,41,43,44
4/9/2012,2012-04-09,14,15,23,27,32,38
4/4/2012,2012-04-04,4,6,28,33,35,37
4/2/2012,2012-04-02,1,6,16,25,34,36
3/30/2012,2012-03-30,4,6,7,13,21,40
3/28/2012,2012-03-28,3,11,15,27,41,45
3/26/2012,2012-03-26,6,17,23,26,35,37
3/23/2012,2012-03-23,5,6,16,17,25,40
3/21/2012,2012-03-21,5,14,23,25,31,35
3/19/2012,2012-03-19,4,5,24,30,42,45
3/16/2012,2012-03-16,4,24,38,42,43,45
3/14/2012,2012-03-14,9,13,23,24,26,31
3/12/2012,2012-03-12,2,6,8,13,22,23
3/9/2012,2012-03-09,7,10,29,37,39,40
3/7/2012,2012-03-07,1,4,8,10,13,31
3/5/2012,2012-03-05,10,12,14,22,36,45
3/2/2012,2012-03-02,6,13,20,21,32,41
2/29/2012,2012-02-29,5,12,26,33,43,45
2/27/2012,2012-02-27,11,16,24,27,29,34
2/24/2012,2012-02-24,13,14,20,21,32,42
2/22/2012,2012-02-22,2,9,21,22,30,37
2/20/2012,2012-02-20,7,10,17,18,21,29
2/17/2012,2012-02-17,6,9,20,22,34,40
2/15/2012,2012-02-15,8,14,28,33,34,40
2/13/2012,2012-02-13,1,4,6,7,13,41
2/10/2012,2012-02-10,8,14,17,19,20,25
2/8/2012,2012-02-08,5,10,15,30,31,42
2/6/2012,2012-02-06,1,12,15,16,23,39
2/3/2012,2012-02-03,5,8,11,23,29,34
2/1/2012,2012-02-01,3,9,16,27,28,40
1/30/2012,2012-01-30,2,6,10,11,24,26
1/27/2012,2012-01-27,2,11,22,25,26,32
1/25/2012,2012-01-25,12,19,29,31,34,43
1/23/2012,2012-01-23,5,6,24,26,40,42
1/20/2012,2012-01-20,7,22,35,36,39,44
1/18/2012,2012-01-18,3,11,15,25,33,40
1/16/2012,2012-01-16,1,12,27,35,42,44
1/13/2012,2012-01-13,6,9,17,27,35,41
1/11/2012,2012-01-11,2,5,11,19,43,45
1/9/2012,2012-01-09,20,27,30,34,38,44
1/6/2012,2012-01-06,1,11,12,17,36,41
1/4/2012,2012-01-04,11,12,19,22,30,34
1/2/2012,2012-01-02,9,12,13,19,34,35
12/30/2011,2011-12-30,1,2,13,16,17,23
12/28/2011,2011-12-28,11,16,18,21,29,30
12/26/2011,2011-12-26,9,12,35,37,39,41
12/23/2011,2011-12-23,4,10,21,27,39,43
12/21/2011,2011-12-21,18,22,23,28,30,40
12/19/2011,2011-12-19,3,15,21,24,33,34
12/16/2011,2011-12-16,1,10,21,27,38,44
12/14/2011,2011-12-14,10,16,20,26,28,41
12/12/2011,2011-12-12,6,7,25,30,32,36
12/9/2011,2011-12-09,16,21,27,35,37,42
12/7/2011,2011-12-07,5,8,26,32,38,41
12/5/2011,2011-12-05,11,17,28,39,43,44
12/2/2011,2011-12-02,17,20,29,30,43,45
11/30/2011,2011-11-30,6,10,13,29,34,42
11/28/2011,2011-11-28,5,27,29,32,39,43
11/25/2011,2011-11-25,1,8,15,29,32,42
11/23/2011,2011-11-23,5,23,25,35,39,45
11/21/2011,2011-11-21,4,13,19,25,29,30
11/18/2011,2011-11-18,13,14,17,19,31,38
11/16/2011,2011-11-16,3,7,17,25,39,45
11/14/2011,2011-11-14,13,17,18,20,35,41
11/11/2011,2011-11-11,3,10,18,21,27,40
11/9/2011,2011-11-09,1,8,27,35,42,44
11/7/2011,2011-11-07,1,12,23,33,34,42
11/4/2011,2011-11-04,11,20,25,31,35,40
11/2/2011,2011-11-02,6,17,23,30,38,45
10/31/2011,2011-10-31,8,9,22,33,34,41
10/28/2011,2011-10-28,6,16,21,22,24,39
10/26/2011,2011-10-26,2,13,20,23,30,33
10/24/2011,2011-10-24,5,19,20,33,36,41
10/21/2011,2011-10-21,6,13,17,31,33,38
10/19/2011,2011-10-19,1,6,26,34,40,45
10/17/2011,2011-10-17,7,9,10,16,22,40
10/14/2011,2011-10-14,8,18,24,27,33,40
10/12/2011,2011-10-12,12,20,21,28,30,33
10/10/2011,2011-10-10,5,14,16,27,33,42
10/7/2011,2011-10-07,4,9,20,22,31,36
10/5/2011,2011-10-05,13,20,27,37,40,44
10/3/2011,2011-10-03,3,8,10,21,25,41
9/30/2011,2011-09-30,11,13,21,26,27,33
9/28/2011,2011-09-28,11,26,29,36,37,41
9/26/2011,2011-09-26,10,20,23,32,34,43
9/23/2011,2011-09-23,1,22,26,31,39,44
9/21/2011,2011-09-21,8,11,26,29,35,43
9/19/2011,2011-09-19,1,3,11,14,40,43
9/16/2011,2011-09-16,2,5,9,10,23,33
9/14/2011,2011-09-14,4,6,15,22,31,32
9/12/2011,2011-09-12,7,15,16,29,35,42
9/9/2011,2011-09-09,11,12,17,23,38,41
9/7/2011,2011-09-07,1,13,20,26,37,44
9/5/2011,2011-09-05,4,9,12,29,30,44
9/2/2011,2011-09-02,2,26,27,31,37,38
8/31/2011,2011-08-31,10,17,29,32,35,45
8/29/2011,2011-08-29,2,18,28,30,32,41
8/26/2011,2011-08-26,9,11,21,26,27,34
8/24/2011,2011-08-24,16,21,25,29,33,42
8/22/2011,2011-08-22,3,21,24,31,34,43
8/19/2011,2011-08-19,4,6,9,23,33,41
8/17/2011,2011-08-17,14,20,25,26,27,40
8/15/2011,2011-08-15,3,11,17,34,35,38
8/12/2011,2011-08-12,3,7,9,13,33,44
8/10/2011,2011-08-10,22,24,33,35,37,43
8/8/2011,2011-08-08,4,9,25,30,35,39
8/5/2011,2011-08-05,4,10,23,25,35,36
8/3/2011,2011-08-03,2,5,9,20,35,42
8/1/2011,2011-08-01,11,24,26,28,30,43
7/29/2011,2011-07-29,17,18,34,39,42,45
7/27/2011,2011-07-27,4,20,26,35,40,41
7/25/2011,2011-07-25,1,12,22,23,33,41
7/22/2011,2011-07-22,5,15,17,23,29,39
7/20/2011,2011-07-20,3,6,14,16,24,29
7/18/2011,2011-07-18,13,15,20,24,34,35
7/15/2011,2011-07-15,6,8,10,19,26,43
7/13/2011,2011-07-13,3,27,30,32,34,39
7/11/2011,2011-07-11,7,17,20,27,28,37
7/8/2011,2011-07-08,1,3,7,8,20,25
7/6/2011,2011-07-06,5,10,27,30,31,33
7/4/2011,2011-07-04,6,16,20,26,27,39
7/1/2011,2011-07-01,1,6,15,26,33,41
6/29/2011,2011-06-29,12,30,31,34,35,43
6/27/2011,2011-06-27,1,16,20,32,36,39
6/24/2011,2011-06-24,3,5,20,21,33,34
6/22/2011,2011-06-22,10,13,19,23,35,37
6/20/2011,2011-06-20,2,17,18,38,39,40
6/17/2011,2011-06-17,2,6,12,17,28,45
6/15/2011,2011-06-15,9,14,17,18,22,42
6/13/2011,2011-06-13,15,16,27,30,33,37
6/10/2011,2011-06-10,1,7,9,11,13,15
6/8/2011,2011-06-08,6,10,15,30,42,44
6/6/2011,2011-06-06,9,14,23,24,35,45
6/3/2011,2011-06-03,9,13,15,32,38,45
6/1/2011,2011-06-01,1,3,13,15,43,45
5/30/2011,2011-05-30,2,9,10,35,39,43
5/27/2011,2011-05-27,23,26,27,34,37,40
5/25/2011,2011-05-25,3,14,24,38,42,45
5/23/2011,2011-05-23,9,15,17,30,32,33
5/20/2011,2011-05-20,4,15,23,24,27,44
5/18/2011,2011-05-18,2,8,15,29,30,43
5/16/2011,2011-05-16,13,20,24,25,36,39
5/13/2011,2011-05-13,14,16,19,26,29,38
5/11/2011,2011-05-11,5,19,26,28,30,44
5/9/2011,2011-05-09,2,15,16,37,40,45
5/6/2011,2011-05-06,9,15,32,33,36,39
5/4/2011,2011-05-04,6,11,18,34,39,44
5/2/2011,2011-05-02,8,10,12,24,38,44
4/29/2011,2011-04-29,3,26,28,29,32,40
4/27/2011,2011-04-27,2,10,25,28,33,37
4/25/2011,2011-04-25,5,14,15,39,41,42
4/20/2011,2011-04-20,8,12,21,23,37,42
4/18/2011,2011-04-18,15,17,18,28,33,34
4/15/2011,2011-04-15,2,12,14,31,32,43
4/13/2011,2011-04-13,8,12,15,23,27,31
4/11/2011,2011-04-11,11,17,25,41,44,45
4/8/2011,2011-04-08,13,22,39,41,42,45
4/6/2011,2011-04-06,13,17,23,30,33,36
4/4/2011,2011-04-04,12,17,22,29,33,37
4/1/2011,2011-04-01,1,4,7,31,35,38
3/30/2011,2011-03-30,5,17,28,30,36,39
3/28/2011,2011-03-28,1,5,6,15,32,45
3/25/2011,2011-03-25,19,23,28,36,40,44
3/23/2011,2011-03-23,1,8,16,18,26,31
3/21/2011,2011-03-21,12,14,18,19,32,34
3/18/2011,2011-03-18,1,3,21,31,39,44
3/16/2011,2011-03-16,8,9,25,27,34,37
3/14/2011,2011-03-14,14,18,24,28,39,42
3/11/2011,2011-03-11,1,2,12,25,26,31
3/9/2011,2011-03-09,4,19,24,31,40,41
3/7/2011,2011-03-07,3,4,6,22,30,32
3/4/2011,2011-03-04,1,15,33,38,40,43
3/2/2011,2011-03-02,16,19,24,25,27,30
2/28/2011,2011-02-28,3,5,11,30,32,44
2/25/2011,2011-02-25,21,24,25,35,39,41
2/23/2011,2011-02-23,8,13,22,23,29,32
2/21/2011,2011-02-21,1,3,4,6,18,45
2/18/2011,2011-02-18,9,10,12,14,21,29
2/16/2011,2011-02-16,2,3,6,15,23,29
2/14/2011,2011-02-14,6,11,12,21,28,31
2/11/2011,2011-02-11,7,17,19,33,35,40
2/9/2011,2011-02-09,11,12,13,29,30,36
2/7/2011,2011-02-07,11,18,21,25,38,45
2/4/2011,2011-02-04,2,3,4,12,23,38
2/2/2011,2011-02-02,25,26,27,33,34,38
1/31/2011,2011-01-31,2,5,6,11,14,17
1/28/2011,2011-01-28,4,5,20,31,36,43
1/26/2011,2011-01-26,4,15,18,20,23,32
1/24/2011,2011-01-24,3,4,7,9,21,37
1/21/2011,2011-01-21,12,14,23,24,34,39
1/19/2011,2011-01-19,5,10,33,36,41,44
1/17/2011,2011-01-17,5,11,13,28,35,43
1/14/2011,2011-01-14,4,11,16,25,26,30
1/12/2011,2011-01-12,5,11,13,14,37,38
1/10/2011,2011-01-10,19,20,29,35,43,45
1/7/2011,2011-01-07,1,2,8,9,11,12
1/5/2011,2011-01-05,3,14,18,23,28,35
1/3/2011,2011-01-03,1,11,19,35,39,42
12/31/2010,2010-12-31,13,26,27,35,38,40
12/29/2010,2010-12-29,5,7,9,22,30,39
12/27/2010,2010-12-27,6,7,10,13,19,43
12/24/2010,2010-12-24,6,14,15,21,40,41
12/22/2010,2010-12-22,26,27,29,34,36,44
12/20/2010,2010-12-20,5,27,33,37,38,43
12/17/2010,2010-12-17,3,6,10,11,17,36
12/15/2010,2010-12-15,10,13,16,19,30,37
12/13/2010,2010-12-13,10,13,15,27,37,39
12/10/2010,2010-12-10,11,16,24,31,33,42
12/8/2010,2010-12-08,10,16,27,32,39,43
12/6/2010,2010-12-06,2,14,24,25,30,34
12/3/2010,2010-12-03,11,18,20,27,36,40
12/1/2010,2010-12-01,12,15,28,30,39,45
11/29/2010,2010-11-29,2,16,31,33,35,43
11/26/2010,2010-11-26,1,7,11,12,21,42
11/24/2010,2010-11-24,5,17,20,25,31,33
11/22/2010,2010-11-22,8,10,21,36,42,45
11/19/2010,2010-11-19,7,9,12,14,22,26
11/17/2010,2010-11-17,2,4,13,19,22,29
11/15/2010,2010-11-15,11,17,19,32,39,43
11/12/2010,2010-11-12,1,20,29,32,34,35
11/10/2010,2010-11-10,2,6,9,11,26,37
11/8/2010,2010-11-08,8,10,14,26,32,40
11/5/2010,2010-11-05,6,11,19,24,25,31
11/3/2010,2010-11-03,5,8,9,25,29,43
11/1/2010,2010-11-01,3,5,6,17,21,26
10/29/2010,2010-10-29,4,8,16,19,21,26
10/27/2010,2010-10-27,6,8,11,14,28,44
10/25/2010,2010-10-25,6,17,22,24,28,45
10/22/2010,2010-10-22,13,14,25,36,37,45
10/20/2010,2010-10-20,5,13,16,17,28,43
10/18/2010,2010-10-18,22,23,25,39,42,44
10/15/2010,2010-10-15,12,28,30,33,35,36
10/13/2010,2010-10-13,5,9,11,23,34,43
10/11/2010,2010-10-11,4,6,13,15,38,44
10/8/2010,2010-10-08,25,26,28,29,39,41
10/6/2010,2010-10-06,4,14,37,38,40,41
10/4/2010,2010-10-04,8,14,25,26,36,37
10/1/2010,2010-10-01,4,20,27,30,31,32
9/29/2010,2010-09-29,8,11,15,17,22,32
9/27/2010,2010-09-27,13,24,25,27,43,44
9/24/2010,2010-09-24,7,12,17,22,38,43
9/22/2010,2010-09-22,3,8,13,24,29,31
9/20/2010,2010-09-20,3,8,16,22,26,35
9/17/2010,2010-09-17,7,19,21,24,35,41
9/15/2010,2010-09-15,6,15,20,27,32,40
9/13/2010,2010-09-13,2,7,15,20,37,45
9/10/2010,2010-09-10,4,14,17,29,31,33
9/8/2010,2010-09-08,4,13,19,22,25,37
9/6/2010,2010-09-06,2,4,6,27,42,44
9/3/2010,2010-09-03,1,4,17,21,32,43
9/1/2010,2010-09-01,1,10,12,21,44,45
8/30/2010,2010-08-30,3,13,14,21,25,28
8/27/2010,2010-08-27,1,19,21,30,31,43
8/25/2010,2010-08-25,1,9,16,19,29,38
8/23/2010,2010-08-23,21,26,28,31,32,38
8/20/2010,2010-08-20,8,15,23,26,33,41
8/18/2010,2010-08-18,4,6,15,16,19,33
8/16/2010,2010-08-16,3,4,19,23,31,41
8/13/2010,2010-08-13,1,21,24,25,37,38
8/11/2010,2010-08-11,1,6,9,22,23,36
8/9/2010,2010-08-09,1,12,13,28,37,43
8/6/2010,2010-08-06,5,8,24,36,40,41
8/4/2010,2010-08-04,14,15,27,28,36,44
8/2/2010,2010-08-02,5,6,17,18,38,44
7/30/2010,2010-07-30,10,14,26,34,36,45
7/28/2010,2010-07-28,2,6,23,29,31,44
7/26/2010,2010-07-26,2,15,23,25,27,44
7/23/2010,2010-07-23,3,27,29,38,40,43
7/21/2010,2010-07-21,3,10,25,28,30,35
7/19/2010,2010-07-19,10,12,15,30,36,40
7/16/2010,2010-07-16,8,10,16,22,27,40
7/14/2010,2010-07-14,21,26,29,35,42,44
7/12/2010,2010-07-12,6,11,20,28,33,38
7/9/2010,2010-07-09,2,9,11,13,24,38
7/7/2010,2010-07-07,17,25,27,30,31,40
7/5/2010,2010-07-05,10,11,25,29,34,38
7/2/2010,2010-07-02,1,4,5,35,36,41
6/30/2010,2010-06-30,4,5,7,16,23,44
6/28/2010,2010-06-28,2,6,8,33,44,45
6/25/2010,2010-06-25,3,9,13,26,30,31
6/23/2010,2010-06-23,5,7,19,27,30,37
6/21/2010,2010-06-21,14,18,20,32,35,39
6/18/2010,2010-06-18,9,26,28,30,31,43
6/16/2010,2010-06-16,8,12,14,18,34,45
6/14/2010,2010-06-14,1,8,19,24,26,43
6/11/2010,2010-06-11,1,6,16,30,31,39
6/9/2010,2010-06-09,2,16,29,30,35,40
6/7/2010,2010-06-07,8,15,32,34,43,44
6/4/2010,2010-06-04,3,5,7,28,30,31
6/2/2010,2010-06-02,9,19,20,29,30,41
5/31/2010,2010-05-31,13,17,26,27,33,43
5/28/2010,2010-05-28,19,20,22,23,27,45
5/26/2010,2010-05-26,1,12,17,29,31,41
5/24/2010,2010-05-24,4,19,22,25,28,44
5/21/2010,2010-05-21,14,23,30,38,42,44
5/19/2010,2010-05-19,3,4,24,30,37,42
5/17/2010,2010-05-17,2,11,13,17,22,38
5/14/2010,2010-05-14,4,6,11,17,25,34
5/12/2010,2010-05-12,19,22,29,35,44,45
5/7/2010,2010-05-07,7,9,11,14,24,41
5/5/2010,2010-05-05,1,9,15,19,29,36
5/3/2010,2010-05-03,2,6,15,20,21,37
4/30/2010,2010-04-30,5,15,19,21,24,29
4/28/2010,2010-04-28,9,13,19,24,27,43
4/26/2010,2010-04-26,4,11,15,28,36,39
4/23/2010,2010-04-23,1,2,31,32,34,37
4/21/2010,2010-04-21,17,20,23,31,39,40
4/19/2010,2010-04-19,6,7,14,21,26,39
4/16/2010,2010-04-16,7,10,27,31,32,40
4/14/2010,2010-04-14,2,19,36,38,39,44
4/12/2010,2010-04-12,13,26,30,36,39,42
4/9/2010,2010-04-09,2,8,20,24,26,44
4/7/2010,2010-04-07,1,4,10,15,19,44
4/5/2010,2010-04-05,12,14,18,33,36,37
3/31/2010,2010-03-31,3,6,11,17,30,36
3/29/2010,2010-03-29,7,14,19,24,26,44
3/26/2010,2010-03-26,10,13,16,26,37,43
3/24/2010,2010-03-24,1,10,21,30,38,42
3/22/2010,2010-03-22,1,12,35,38,41,42
3/19/2010,2010-03-19,1,13,16,22,36,42
3/17/2010,2010-03-17,8,13,25,33,34,35
3/15/2010,2010-03-15,4,5,9,18,33,34
3/12/2010,2010-03-12,7,16,24,26,27,44
3/10/2010,2010-03-10,3,6,13,28,30,41
3/8/2010,2010-03-08,11,18,21,22,25,32
3/5/2010,2010-03-05,1,3,25,30,34,43
3/3/2010,2010-03-03,11,13,18,37,39,44
3/1/2010,2010-03-01,22,24,33,40,42,45
2/26/2010,2010-02-26,19,20,24,28,29,34
2/24/2010,2010-02-24,1,7,11,14,20,31
2/22/2010,2010-02-22,8,32,36,37,42,43
2/19/2010,2010-02-19,9,15,19,27,34,42
2/17/2010,2010-02-17,13,16,32,38,40,44
2/15/2010,2010-02-15,10,17,24,32,38,41
2/12/2010,2010-02-12,2,9,19,24,34,45
2/10/2010,2010-02-10,3,11,12,16,17,30
2/8/2010,2010-02-08,8,12,27,28,34,36
2/5/2010,2010-02-05,5,15,19,23,42,45
2/3/2010,2010-02-03,12,13,23,32,35,43
2/1/2010,2010-02-01,7,9,29,38,40,41
1/29/2010,2010-01-29,1,23,24,27,33,42
1/27/2010,2010-01-27,3,7,8,14,27,45
1/25/2010,2010-01-25,11,12,20,28,34,45
1/22/2010,2010-01-22,2,14,20,23,35,38
1/20/2010,2010-01-20,24,27,36,37,42,44
1/18/2010,2010-01-18,31,34,35,36,43,44
1/15/2010,2010-01-15,13,21,31,32,33,40
1/13/2010,2010-01-13,8,11,12,21,23,30
1/11/2010,2010-01-11,3,6,13,20,31,38
1/8/2010,2010-01-08,1,8,17,28,35,38
1/6/2010,2010-01-06,7,24,25,29,34,36
1/4/2010,2010-01-04,3,4,7,11,26,29
12/30/2009,2009-12-30,4,22,28,33,39,42
12/28/2009,2009-12-28,1,6,17,26,29,31
12/23/2009,2009-12-23,2,11,25,29,39,40
12/21/2009,2009-12-21,6,16,25,30,40,45
12/18/2009,2009-12-18,1,4,8,18,25,42
12/16/2009,2009-12-16,2,11,18,23,24,26
12/14/2009,2009-12-14,5,9,21,23,27,45
12/11/2009,2009-12-11,2,4,14,16,17,19
12/9/2009,2009-12-09,2,14,15,23,30,32
12/7/2009,2009-12-07,9,23,31,32,34,40
12/4/2009,2009-12-04,10,11,12,13,24,29
12/2/2009,2009-12-02,2,6,9,20,43,45
11/30/2009,2009-11-30,24,29,30,32,39,42
11/27/2009,2009-11-27,7,13,14,22,28,33
11/25/2009,2009-11-25,1,10,15,19,21,27
11/23/2009,2009-11-23,11,12,16,29,35,43
11/20/2009,2009-11-20,12,17,19,25,31,35
11/18/2009,2009-11-18,9,15,21,32,37,42
11/16/2009,2009-11-16,7,9,10,21,24,35
11/13/2009,2009-11-13,15,17,23,36,40,44
11/11/2009,2009-11-11,8,11,38,42,43,45
11/9/2009,2009-11-09,12,14,24,28,30,32
11/6/2009,2009-11-06,5,8,12,28,30,37
11/4/2009,2009-11-04,3,19,22,29,30,43
11/2/2009,2009-11-02,16,17,20,21,22,45
10/30/2009,2009-10-30,12,13,14,19,20,42
10/28/2009,2009-10-28,4,10,25,32,36,41
10/26/2009,2009-10-26,2,3,11,22,29,42
10/23/2009,2009-10-23,1,2,13,22,27,36
10/21/2009,2009-10-21,2,11,18,19,31,33
10/19/2009,2009-10-19,8,12,26,29,38,45
10/16/2009,2009-10-16,2,11,17,20,38,45
10/14/2009,2009-10-14,1,9,19,27,29,36
10/12/2009,2009-10-12,10,14,16,19,25,38
10/9/2009,2009-10-09,9,18,25,26,32,45
10/7/2009,2009-10-07,18,25,32,34,35,42
10/5/2009,2009-10-05,2,28,29,39,42,44
10/2/2009,2009-10-02,13,15,19,31,36,38
9/30/2009,2009-09-30,1,4,9,19,21,41
9/28/2009,2009-09-28,7,13,14,32,38,41
9/25/2009,2009-09-25,1,3,11,14,18,37
9/23/2009,2009-09-23,3,23,31,38,43,45
9/21/2009,2009-09-21,1,3,10,32,38,41
9/18/2009,2009-09-18,7,13,26,40,43,45
9/16/2009,2009-09-16,9,11,19,22,40,45
9/14/2009,2009-09-14,9,17,26,32,37,41
9/11/2009,2009-09-11,2,9,29,37,38,44
9/9/2009,2009-09-09,4,10,14,20,36,43
9/7/2009,2009-09-07,2,4,8,25,38,43
9/4/2009,2009-09-04,5,11,25,29,33,42
9/2/2009,2009-09-02,10,15,17,24,35,45
8/31/2009,2009-08-31,1,17,29,37,44,45
8/28/2009,2009-08-28,4,9,19,21,29,32
8/26/2009,2009-08-26,4,11,22,24,39,45
8/24/2009,2009-08-24,4,8,18,27,43,44
8/21/2009,2009-08-21,6,13,19,20,30,40
8/19/2009,2009-08-19,15,27,31,35,39,43
8/17/2009,2009-08-17,3,11,19,23,29,35
8/14/2009,2009-08-14,2,18,23,30,33,41
8/12/2009,2009-08-12,5,14,22,23,28,39
8/10/2009,2009-08-10,4,16,18,20,23,44
8/7/2009,2009-08-07,3,6,7,14,15,31
8/5/2009,2009-08-05,3,11,16,39,42,44
8/3/2009,2009-08-03,15,16,19,32,44,45
7/31/2009,2009-07-31,16,17,30,34,37,40
7/29/2009,2009-07-29,7,13,20,29,32,35
7/27/2009,2009-07-27,10,20,22,29,33,45
7/24/2009,2009-07-24,9,19,29,32,33,39
7/22/2009,2009-07-22,8,21,32,37,38,40
7/20/2009,2009-07-20,3,6,7,17,21,26
7/17/2009,2009-07-17,1,3,13,16,35,43
7/15/2009,2009-07-15,9,11,13,30,33,42
7/13/2009,2009-07-13,1,10,17,28,40,43
7/10/2009,2009-07-10,2,3,4,10,16,45
7/8/2009,2009-07-08,1,6,19,26,39,44
7/6/2009,2009-07-06,4,13,19,23,43,45
7/3/2009,2009-07-03,1,13,14,15,30,45
7/1/2009,2009-07-01,18,24,31,36,43,44
6/29/2009,2009-06-29,1,4,8,10,18,45
6/26/2009,2009-06-26,23,25,29,31,39,42
6/24/2009,2009-06-24,2,11,26,35,38,39
6/22/2009,2009-06-22,10,14,15,31,34,35
6/19/2009,2009-06-19,11,15,19,32,39,43
6/17/2009,2009-06-17,17,22,26,28,29,39
6/15/2009,2009-06-15,2,7,20,27,41,45
6/12/2009,2009-06-12,17,21,24,34,36,45
6/10/2009,2009-06-10,8,11,18,35,42,44
6/8/2009,2009-06-08,11,12,19,23,24,31
6/5/2009,2009-06-05,3,22,25,34,42,44
6/3/2009,2009-06-03,11,15,23,26,30,42
6/1/2009,2009-06-01,1,19,33,37,38,39
5/29/2009,2009-05-29,3,10,13,14,32,41
5/27/2009,2009-05-27,2,18,21,33,40,44
5/25/2009,2009-05-25,8,11,19,24,37,39
5/22/2009,2009-05-22,5,6,15,22,31,32
5/20/2009,2009-05-20,10,15,21,25,38,39
5/18/2009,2009-05-18,9,11,17,26,29,35
5/15/2009,2009-05-15,21,22,28,32,36,41
5/13/2009,2009-05-13,7,11,15,28,32,34
5/11/2009,2009-05-11,8,16,21,24,38,42
5/8/2009,2009-05-08,8,10,17,22,37,43
5/6/2009,2009-05-06,9,29,30,41,44,45
5/4/2009,2009-05-04,5,13,15,16,26,44
5/1/2009,2009-05-01,1,5,29,34,38,42
4/29/2009,2009-04-29,6,17,26,33,34,41
4/27/2009,2009-04-27,1,3,5,13,21,42
4/24/2009,2009-04-24,3,4,10,25,28,35
4/22/2009,2009-04-22,9,10,35,41,42,44
4/20/2009,2009-04-20,2,5,10,24,35,39
4/17/2009,2009-04-17,5,10,11,26,35,41
4/15/2009,2009-04-15,1,16,23,29,39,42
4/13/2009,2009-04-13,3,9,15,17,33,34
4/8/2009,2009-04-08,8,17,24,33,36,40
4/6/2009,2009-04-06,3,11,21,30,33,37
4/3/2009,2009-04-03,12,16,18,25,29,34
4/1/2009,2009-04-01,20,24,27,28,32,43
3/30/2009,2009-03-30,14,15,29,32,34,35
3/27/2009,2009-03-27,2,4,10,17,26,29
3/25/2009,2009-03-25,2,14,18,20,29,30
3/23/2009,2009-03-23,3,6,10,21,22,35
3/20/2009,2009-03-20,8,15,17,25,29,34
3/18/2009,2009-03-18,2,12,16,27,38,43
3/16/2009,2009-03-16,7,17,18,20,24,44
3/13/2009,2009-03-13,11,16,18,21,27,37
3/11/2009,2009-03-11,10,11,21,23,35,44
3/9/2009,2009-03-09,10,28,31,33,41,45
3/6/2009,2009-03-06,6,13,21,31,35,43
3/4/2009,2009-03-04,12,16,18,21,24,31
3/2/2009,2009-03-02,6,7,13,19,28,32
2/27/2009,2009-02-27,1,11,14,19,22,24
2/25/2009,2009-02-25,2,3,6,17,27,28
2/23/2009,2009-02-23,11,14,15,17,26,40
2/20/2009,2009-02-20,1,4,14,16,26,33
2/18/2009,2009-02-18,9,10,15,19,26,29
2/16/2009,2009-02-16,3,18,25,31,32,37
2/13/2009,2009-02-13,1,2,10,12,37,41
2/11/2009,2009-02-11,5,6,9,16,17,30
2/9/2009,2009-02-09,15,17,23,25,35,36
2/6/2009,2009-02-06,1,5,22,23,36,40
2/4/2009,2009-02-04,15,17,18,29,32,37
2/2/2009,2009-02-02,13,20,28,31,32,37
1/30/2009,2009-01-30,5,15,28,37,41,45
1/28/2009,2009-01-28,2,6,14,16,36,44
1/26/2009,2009-01-26,20,28,30,37,40,42
1/23/2009,2009-01-23,3,4,6,26,36,41
1/21/2009,2009-01-21,1,6,11,29,39,44
1/19/2009,2009-01-19,2,9,15,27,28,29
1/16/2009,2009-01-16,2,6,15,25,26,32
1/14/2009,2009-01-14,1,12,16,25,42,45
1/12/2009,2009-01-12,2,5,12,24,38,43
1/9/2009,2009-01-09,5,30,34,35,39,42
1/7/2009,2009-01-07,3,8,14,17,18,35
1/5/2009,2009-01-05,20,22,26,35,39,40
1/2/2009,2009-01-02,7,10,12,36,40,45
12/31/2008,2008-12-31,13,15,16,25,36,39
12/29/2008,2008-12-29,1,2,5,14,29,31
12/26/2008,2008-12-26,6,16,18,19,37,40
12/24/2008,2008-12-24,8,13,25,27,39,43
12/22/2008,2008-12-22,13,15,19,27,39,45
12/19/2008,2008-12-19,9,14,20,21,30,32
12/17/2008,2008-12-17,5,15,17,26,31,43
12/15/2008,2008-12-15,1,8,12,19,35,40
12/12/2008,2008-12-12,2,9,14,23,35,36
12/10/2008,2008-12-10,3,13,21,36,38,43
12/8/2008,2008-12-08,1,2,31,36,39,44
12/5/2008,2008-12-05,7,12,17,21,40,45
12/3/2008,2008-12-03,7,8,14,16,27,43
12/1/2008,2008-12-01,12,13,17,23,38,42
11/28/2008,2008-11-28,4,17,26,29,30,38
11/26/2008,2008-11-26,14,15,16,24,29,36
11/24/2008,2008-11-24,20,26,29,36,40,45
11/21/2008,2008-11-21,4,5,18,24,36,45
11/19/2008,2008-11-19,4,27,30,42,44,45
11/17/2008,2008-11-17,1,13,21,23,34,36
11/14/2008,2008-11-14,6,15,17,26,38,45
11/12/2008,2008-11-12,5,7,13,14,30,42
11/10/2008,2008-11-10,4,5,11,24,25,31
11/7/2008,2008-11-07,6,10,30,33,35,43
11/5/2008,2008-11-05,2,9,28,35,38,41
11/3/2008,2008-11-03,14,17,22,32,33,45
10/31/2008,2008-10-31,5,11,21,22,27,39
10/29/2008,2008-10-29,4,9,12,15,22,30
10/27/2008,2008-10-27,3,16,17,23,26,28
10/24/2008,2008-10-24,4,18,28,33,42,45
10/22/2008,2008-10-22,4,6,18,23,29,35
10/20/2008,2008-10-20,13,29,31,32,34,45
10/17/2008,2008-10-17,3,22,26,35,37,40
10/15/2008,2008-10-15,8,17,28,33,34,42
10/13/2008,2008-10-13,2,7,24,27,28,35
10/10/2008,2008-10-10,5,7,9,30,32,36
10/8/2008,2008-10-08,8,25,32,37,42,44
10/6/2008,2008-10-06,10,14,32,33,37,38
10/3/2008,2008-10-03,5,13,19,22,31,35
10/1/2008,2008-10-01,3,6,7,9,26,38
9/29/2008,2008-09-29,8,9,10,24,26,37
9/26/2008,2008-09-26,2,7,23,27,33,43
9/24/2008,2008-09-24,5,15,19,29,30,43
9/22/2008,2008-09-22,4,11,30,31,32,42
9/19/2008,2008-09-19,9,10,22,28,32,39
9/17/2008,2008-09-17,15,17,18,19,24,43
9/15/2008,2008-09-15,3,6,9,15,21,32
9/12/2008,2008-09-12,2,6,16,20,30,36
9/10/2008,2008-09-10,15,22,25,35,41,42
9/8/2008,2008-09-08,2,19,24,27,37,39
9/5/2008,2008-09-05,3,20,25,26,34,37
9/3/2008,2008-09-03,11,15,25,26,27,32
9/1/2008,2008-09-01,13,14,15,19,41,45
8/29/2008,2008-08-29,16,19,34,36,42,43
8/27/2008,2008-08-27,1,15,18,20,42,43
8/25/2008,2008-08-25,2,3,13,17,22,42
8/22/2008,2008-08-22,5,16,17,28,30,34
8/20/2008,2008-08-20,17,18,22,36,40,44
8/18/2008,2008-08-18,6,15,19,25,31,37
8/15/2008,2008-08-15,10,12,18,27,28,38
8/13/2008,2008-08-13,4,17,19,34,37,42
8/11/2008,2008-08-11,1,11,15,17,33,42
8/8/2008,2008-08-08,4,14,16,19,21,45
8/6/2008,2008-08-06,3,5,11,15,23,42
8/4/2008,2008-08-04,2,11,16,32,40,43
8/1/2008,2008-08-01,2,17,19,29,36,43
7/30/2008,2008-07-30,23,24,25,34,35,44
7/28/2008,2008-07-28,4,7,8,21,24,42
7/25/2008,2008-07-25,5,11,19,23,31,44
7/23/2008,2008-07-23,6,11,12,18,31,33
7/21/2008,2008-07-21,2,4,14,18,20,37
7/18/2008,2008-07-18,7,9,15,16,29,43
7/16/2008,2008-07-16,3,12,28,30,35,36
7/14/2008,2008-07-14,8,10,15,25,27,35
7/11/2008,2008-07-11,8,13,16,17,24,31
7/9/2008,2008-07-09,8,10,11,13,16,30
7/7/2008,2008-07-07,2,18,19,22,23,30
7/4/2008,2008-07-04,12,26,28,31,39,42
7/2/2008,2008-07-02,1,3,14,18,32,38
6/30/2008,2008-06-30,11,29,31,39,42,44
6/27/2008,2008-06-27,3,11,13,18,25,44
6/25/2008,2008-06-25,8,15,24,26,38,45
6/23/2008,2008-06-23,5,12,22,23,29,44
6/20/2008,2008-06-20,8,17,30,37,41,42
6/18/2008,2008-06-18,10,11,25,32,34,44
6/16/2008,2008-06-16,3,7,21,22,24,26
6/13/2008,2008-06-13,2,6,22,34,35,39
6/11/2008,2008-06-11,16,18,23,28,32,39
6/9/2008,2008-06-09,6,8,20,36,39,44
6/6/2008,2008-06-06,6,16,30,34,41,43
6/4/2008,2008-06-04,5,6,12,22,30,32
6/2/2008,2008-06-02,7,17,25,26,33,36
5/30/2008,2008-05-30,11,14,19,29,39,44
5/28/2008,2008-05-28,2,6,17,18,23,39
5/23/2008,2008-05-23,8,20,21,22,30,33
5/21/2008,2008-05-21,2,25,29,35,37,41
5/19/2008,2008-05-19,9,15,20,27,30,32
5/16/2008,2008-05-16,13,26,37,40,42,43
5/14/2008,2008-05-14,7,8,17,22,33,42
5/12/2008,2008-05-12,4,7,10,18,35,43
5/9/2008,2008-05-09,4,14,19,34,40,41
5/7/2008,2008-05-07,12,26,27,35,37,41
5/5/2008,2008-05-05,9,22,26,32,41,45
5/2/2008,2008-05-02,1,8,17,23,27,30
4/30/2008,2008-04-30,6,12,19,23,24,37
4/28/2008,2008-04-28,3,7,11,35,41,43
4/25/2008,2008-04-25,1,14,17,23,25,42
4/23/2008,2008-04-23,3,6,10,21,27,44
4/21/2008,2008-04-21,19,28,33,36,39,44
4/18/2008,2008-04-18,13,14,20,25,37,44
4/16/2008,2008-04-16,6,13,17,21,32,45
4/14/2008,2008-04-14,13,18,21,27,30,32
4/11/2008,2008-04-11,12,19,20,32,36,37
4/9/2008,2008-04-09,1,6,18,21,32,34
4/7/2008,2008-04-07,1,6,10,18,28,38
4/4/2008,2008-04-04,2,14,19,33,40,45
4/2/2008,2008-04-02,4,14,16,18,29,33
3/31/2008,2008-03-31,9,16,20,21,35,37
3/28/2008,2008-03-28,11,13,14,20,25,43
3/26/2008,2008-03-26,11,17,20,22,33,45
3/24/2008,2008-03-24,3,4,15,18,22,32
3/19/2008,2008-03-19,10,19,30,36,40,45
3/17/2008,2008-03-17,16,19,29,34,36,44
3/14/2008,2008-03-14,7,18,19,23,24,25
3/12/2008,2008-03-12,9,34,35,36,37,41
3/10/2008,2008-03-10,7,8,13,15,28,38
3/7/2008,2008-03-07,6,16,17,20,26,35
3/3/2008,2008-03-03,8,9,20,22,31,33
2/29/2008,2008-02-29,4,18,32,35,38,40
2/27/2008,2008-02-27,5,12,17,25,30,45
2/25/2008,2008-02-25,3,9,14,16,22,33
2/22/2008,2008-02-22,5,6,10,19,24,43
2/20/2008,2008-02-20,5,11,17,20,29,32
2/18/2008,2008-02-18,3,8,25,29,34,38
2/15/2008,2008-02-15,9,17,31,38,43,45
2/13/2008,2008-02-13,3,5,27,30,32,43
2/11/2008,2008-02-11,4,12,13,19,33,42
2/6/2008,2008-02-06,5,7,24,26,32,38
2/4/2008,2008-02-04,4,9,21,25,26,41
2/1/2008,2008-02-01,13,14,15,18,21,45
1/30/2008,2008-01-30,11,23,25,29,31,36
1/28/2008,2008-01-28,7,14,15,18,25,40
1/25/2008,2008-01-25,2,5,10,34,40,42
1/21/2008,2008-01-21,3,26,28,33,38,43
1/18/2008,2008-01-18,10,11,17,26,38,45
1/16/2008,2008-01-16,10,15,18,19,29,33
1/14/2008,2008-01-14,3,19,25,27,31,32
1/11/2008,2008-01-11,9,12,20,26,30,39
1/9/2008,2008-01-09,3,10,16,21,38,43
1/7/2008,2008-01-07,11,17,18,22,33,41
1/4/2008,2008-01-04,25,27,32,34,37,42
1/2/2008,2008-01-02,1,5,24,30,35,36
